{"stats":{"minecraft:killed":{"vampirism:vampire":4,"minecraft:spider":1,"alexsmobs:murmur":1,"minecraft:skeleton":4,"minecraft:husk":2,"minecraft:zombie":7,"minecraft:enderman":1},"minecraft:custom":{"minecraft:mob_kills":20,"minecraft:interact_with_crafting_table":6,"minecraft:open_barrel":12,"minecraft:bell_ring":3,"minecraft:damage_dealt_resisted":314,"minecraft:leave_game":1,"minecraft:time_since_death":94144,"minecraft:climb_one_cm":13650,"minecraft:sprint_one_cm":376596,"minecraft:walk_one_cm":731255,"minecraft:drop":17,"vampirism:interact_with_totem":2,"minecraft:play_noteblock":16,"minecraft:talked_to_villager":45,"minecraft:play_time":180006,"minecraft:deaths":3,"minecraft:sneak_time":960,"minecraft:walk_under_water_one_cm":6740,"minecraft:jump":1408,"minecraft:interact_with_blast_furnace":2,"minecraft:walk_on_water_one_cm":7909,"minecraft:total_world_time":180006,"minecraft:interact_with_furnace":41,"minecraft:tune_noteblock":6,"minecraft:interact_with_loom":1,"minecraft:interact_with_stonecutter":1,"minecraft:sleep_in_bed":12,"minecraft:time_since_rest":5094,"minecraft:waystone_activated":6,"minecraft:damage_taken":1742,"minecraft:damage_dealt":4746,"minecraft:swim_one_cm":7578,"minecraft:fly_one_cm":166271,"minecraft:open_chest":89,"minecraft:crouch_one_cm":2570,"minecraft:interact_with_smoker":6,"minecraft:fall_one_cm":31311},"minecraft:used":{"minecraft:cherry_sapling":26,"minecraft:armor_stand":1,"minecraft:iron_sword":155,"minecraft:torch":38,"quark:cherry_chest":4,"minecraft:dirt":2,"minecraft:spyglass":3,"minecraft:spruce_stairs":2,"minecraft:iron_hoe":37,"minecraft:lantern":2,"minecraft:iron_axe":66,"minecraft:item_frame":1,"minecraft:golden_boots":1,"minecraft:water_bucket":5,"minecraft:leather_leggings":1,"minecraft:stone_pickaxe":17,"minecraft:oak_planks":1,"minecraft:ender_pearl":1,"minecraft:leather_chestplate":1,"minecraft:crafting_table":1,"minecraft:red_bed":2,"waystones:waystone":1,"minecraft:acacia_stairs":2,"minecraft:diamond_pickaxe":20,"minecraft:bread":8,"minecraft:map":4,"biomeswevegone:flower_patch":1,"minecraft:cobblestone":11,"minecraft:bucket":5,"minecraft:yellow_bed":3,"alexsmobs:animal_dictionary":29,"minecraft:experience_bottle":3},"minecraft:mined":{"minecraft:cherry_log":64,"minecraft:cherry_sapling":2,"minecraft:grass_block":4,"minecraft:coal_block":19,"minecraft:hay_block":53,"minecraft:acacia_stairs":2,"biomeswevegone:prairie_grass":15,"minecraft:stone":15,"minecraft:white_wool":2,"biomeswevegone:green_mushroom":1,"minecraft:glass_pane":2,"minecraft:red_bed":2,"minecraft:smoker":1,"minecraft:torch":6,"biomeswevegone:tall_prairie_grass":8,"minecraft:campfire":2,"minecraft:cobblestone":1,"minecraft:tall_grass":7,"minecraft:oak_planks":1,"minecraft:wall_torch":7,"minecraft:pink_petals":3,"minecraft:spruce_stairs":3,"minecraft:coarse_dirt":1,"minecraft:yellow_bed":4,"minecraft:grass":12,"biomeswevegone:ripe_orchard_leaves":1,"minecraft:loom":1,"minecraft:dirt":7,"minecraft:cobweb":33},"minecraft:picked_up":{"minecraft:charcoal":4,"minecraft:coarse_dirt":1,"vinery:red_grape":3,"minecraft:chicken":1,"minecraft:enchanted_book":1,"minecraft:string":35,"minecraft:red_bed":2,"minecraft:armor_stand":1,"minecraft:iron_leggings":1,"minecraft:item_frame":5,"minecraft:iron_shovel":1,"minecraft:experience_bottle":3,"minecraft:beef":2,"alexsmobs:elastic_tendon":1,"minecraft:coal_block":19,"minecraft:tipped_arrow":3,"minecraft:stick":15,"minecraft:torch":14,"minecraft:spruce_stairs":3,"minecraft:cherry_log":64,"vampirism:vampire_fang":3,"minecraft:carrot":1,"minecraft:stone_sword":1,"minecraft:arrow":3,"minecraft:rotten_flesh":4,"minecraft:pumpkin_pie":2,"minecraft:hay_block":52,"minecraft:gold_ingot":2,"minecraft:mutton":2,"minecraft:cod":6,"minecraft:cobblestone":15,"minecraft:pink_petals":10,"minecraft:leather_chestplate":1,"minecraft:salmon":2,"minecraft:leather":2,"minecraft:smoker":1,"minecraft:yellow_bed":3,"minecraft:map":2,"minecraft:dirt":12,"minecraft:lantern":2,"minecraft:bone":2,"minecraft:apple":3,"minecraft:bow":2,"minecraft:wheat_seeds":6,"minecraft:iron_ingot":7,"minecraft:stone_pickaxe":1,"minecraft:rabbit":4,"minecraft:iron_sword":1,"minecraft:oak_planks":1,"minecraft:book":1,"biomeswevegone:flower_patch":1,"minecraft:red_wool":1,"minecraft:quartz":1,"minecraft:loom":1,"minecraft:acacia_stairs":2,"alexsmobs:animal_dictionary":1,"minecraft:iron_hoe":1,"minecraft:firework_rocket":1,"minecraft:slime_ball":3,"waystones:waystone":1,"minecraft:chainmail_leggings":1,"minecraft:iron_helmet":1,"minecraft:cherry_sapling":29,"biomeswevegone:green_mushroom":2,"minecraft:bread":47,"minecraft:emerald":2,"minecraft:coal":1,"minecraft:ender_pearl":2},"minecraft:killed_by":{"minecraft:enderman":1,"alexsmobs:murmur_head":2},"minecraft:crafted":{"minecraft:cherry_planks":140,"quark:cherry_chest":6,"minecraft:bow":1,"minecraft:coal_block":3,"minecraft:stick":20,"minecraft:torch":32},"minecraft:dropped":{"minecraft:bread":45,"minecraft:wheat_seeds":5,"minecraft:book":1,"minecraft:spruce_stairs":1,"minecraft:item_frame":1,"minecraft:stick":12,"minecraft:dirt":3,"minecraft:chainmail_leggings":1,"minecraft:string":2,"minecraft:pink_petals":3,"minecraft:stone_sword":1,"alexsmobs:animal_dictionary":1,"minecraft:rotten_flesh":1,"minecraft:leather_leggings":1,"minecraft:stone_pickaxe":1}},"DataVersion":3465}