{"stats":{"minecraft:custom":{"minecraft:interact_with_crafting_table":78,"minecraft:open_barrel":34,"minecraft:bell_ring":5,"minecraft:eat_cake_slice":3,"minecraft:leave_game":13,"minecraft:time_since_death":52397,"minecraft:damage_resisted":10,"minecraft:sprint_one_cm":1224407,"minecraft:damage_blocked_by_shield":700,"minecraft:drop":272,"vampirism:interact_with_coffin":1,"vampirism:interact_with_totem":3,"minecraft:play_noteblock":16,"minecraft:talked_to_villager":81,"minecraft:play_time":911077,"minecraft:deaths":24,"minecraft:jump":7534,"minecraft:enchant_item":2,"minecraft:walk_on_water_one_cm":73846,"minecraft:interact_with_furnace":121,"minecraft:interact_with_loom":1,"minecraft:sleep_in_bed":39,"minecraft:waystone_activated":9,"minecraft:damage_dealt":48671,"minecraft:crouch_one_cm":55962,"minecraft:interact_with_smoker":14,"minecraft:inspect_dispenser":2,"minecraft:horse_one_cm":34881,"minecraft:interact_with_anvil":3,"minecraft:mob_kills":238,"minecraft:damage_dealt_resisted":845,"minecraft:climb_one_cm":39798,"minecraft:walk_one_cm":2923949,"minecraft:sneak_time":14090,"minecraft:walk_under_water_one_cm":60481,"minecraft:interact_with_blast_furnace":9,"minecraft:total_world_time":911077,"minecraft:tune_noteblock":6,"minecraft:interact_with_stonecutter":1,"minecraft:time_since_rest":7890,"minecraft:damage_taken":16337,"minecraft:swim_one_cm":87593,"minecraft:fly_one_cm":788888,"minecraft:open_chest":450,"minecraft:fall_one_cm":194092},"minecraft:killed":{"vampirism:vampire":21,"minecraft:cave_spider":2,"vampirism:advanced_vampire":3,"minecraft:spider":14,"alexsmobs:murmur":3,"minecraft:skeleton":56,"enderzoology:infested_zombie":7,"alexsmobs:centipede_head":2,"enderzoology:fallen_knight":4,"minecraft:creeper":6,"vampirism:hunter":7,"minecraft:pillager":17,"minecraft:zombie":56,"alexsmobs:fly":4,"minecraft:cow":5,"enderzoology:owl":1,"minecraft:vindicator":2,"enderzoology:fallen_mount":1,"minecraft:drowned":2,"vinery:wandering_winemaker":1,"minecraft:husk":8,"vampirism:villager_angry":4,"alexsmobs:cockroach":1,"minecraft:enderman":3},"minecraft:used":{"minecraft:moss_block":14,"quark:polished_tuff":1,"minecraft:cherry_sapling":26,"minecraft:moss_carpet":1,"biomeswevegone:blue_enchanted_planks":1,"minecraft:iron_shovel":528,"minecraft:polished_deepslate":3,"biomeswevegone:blueberries":2,"minecraft:shield":23,"minecraft:stone":1,"minecraft:iron_sword":200,"minecraft:rotten_flesh":6,"alexsmobs:medium_catfish_bucket":1,"biomeswevegone:mahogany_log":3,"biomeswevegone:ironwood_log":2,"quark:cherry_chest":15,"minecraft:jungle_planks":1,"minecraft:carrot":1,"cataclysm:stone_tiles":1,"minecraft:tuff":1,"biomeswevegone:rainbow_eucalyptus_planks":1,"minecraft:milk_bucket":3,"minecraft:bricks":11,"minecraft:lantern":2,"biomeswevegone:blue_enchanted_log":3,"biomeswevegone:palm_planks":3,"minecraft:stone_bricks":1,"minecraft:item_frame":1,"minecraft:bow":93,"biomeswevegone:pine_planks":1,"minecraft:furnace":5,"biomeswevegone:rainbow_eucalyptus_log":3,"minecraft:lime_glazed_terracotta":14,"minecraft:golden_boots":1,"minecraft:dark_oak_stairs":1,"minecraft:leather_leggings":1,"biomeswevegone:ebony_log":3,"minecraft:oak_planks":1,"minecraft:stone_pickaxe":17,"minecraft:ender_pearl":2,"minecraft:leather_chestplate":1,"biomeswevegone:florus_stem":3,"minecraft:composter":1,"biomeswevegone:white_anemone":1,"biomeswevegone:jacaranda_boat":1,"biomeswevegone:ironwood_planks":1,"minecraft:deepslate_tiles":2,"relics:horse_flute":22,"waystones:waystone":2,"biomeswevegone:green_enchanted_log":3,"biomeswevegone:jacaranda_planks":1,"minecraft:bread":171,"minecraft:cherry_sign":1,"minecraft:diamond_sword":981,"minecraft:andesite":1,"minecraft:experience_bottle":5,"minecraft:iron_bars":4,"minecraft:enchanting_table":1,"minecraft:armor_stand":1,"biomeswevegone:aspen_planks":1,"minecraft:torch":335,"minecraft:dirt":436,"minecraft:spyglass":42,"minecraft:anvil":1,"biomeswevegone:pine_log":4,"minecraft:spruce_stairs":4,"minecraft:cobblestone_wall":6,"ecologics:seashell":2,"quark:cherry_bookshelf":15,"minecraft:iron_hoe":37,"herbalbrews:rooibos_leaf":1,"minecraft:iron_axe":1277,"minecraft:jungle_log":3,"minecraft:smooth_basalt":1,"quark:andesite_bricks":2,"minecraft:cooked_beef":3,"minecraft:cobbled_deepslate":9,"minecraft:cherry_fence":3,"minecraft:cherry_log":3,"minecraft:calcite":1,"travelersbackpack:sheep":9,"minecraft:yellow_banner":1,"minecraft:wheat_seeds":20,"minecraft:water_bucket":86,"farmersdelight:iron_knife":21,"minecraft:cherry_planks":34,"minecraft:deepslate_bricks":2,"minecraft:crafting_table":10,"minecraft:red_bed":2,"bosses_of_mass_destruction:soul_star":1,"minecraft:book":1,"biomeswevegone:ebony_planks":2,"minecraft:diamond_pickaxe":1433,"minecraft:acacia_stairs":2,"supplementaries:cage":4,"minecraft:apple":1,"minecraft:diamond_shovel":1583,"minecraft:map":4,"quark:tuff_bricks":1,"biomeswevegone:flower_patch":3,"minecraft:pink_petals":967,"minecraft:cobblestone":37,"travelersbackpack:standard":30,"ecologics:coconut_log":3,"biomeswevegone:aspen_log":3,"minecraft:white_banner":3,"minecraft:bucket":89,"minecraft:yellow_bed":3,"biomeswevegone:palm_log":2,"alexsmobs:animal_dictionary":97,"vampirism:vampire_orchid":3},"minecraft:mined":{"minecraft:dark_oak_planks":9,"minecraft:waxed_cut_copper_slab":1,"minecraft:cherry_log":409,"minecraft:jungle_leaves":1,"biomeswevegone:blue_enchanted_log":67,"biomeswevegone:quicksand":2,"minecraft:granite":5,"minecraft:budding_amethyst":4,"minecraft:grass_block":1435,"vampirism:dark_spruce_log":13,"minecraft:jungle_log":19,"minecraft:deepslate_bricks":1,"minecraft:coal_block":19,"biomeswevegone:pine_log":69,"minecraft:spawner":14,"biomeswevegone:shelf_fungi":1,"biomeswevegone:yellow_birch_leaves":11,"vampiresdelight:vampire_orchid_crop":1,"biomeswevegone:green_enchanted_log":34,"minecraft:cobbled_deepslate":1,"minecraft:iron_ore":354,"biomeswevegone:white_mushroom_stem":1,"minecraft:deepslate_lapis_ore":6,"biomeswevegone:weeping_milkcap_mushroom_block":2,"minecraft:stripped_dark_oak_wood":1,"biomeswevegone:ironwood_log":90,"biomeswevegone:ironwood_leaves":2,"minecraft:dark_oak_stairs":1,"minecraft:cave_vines":1,"minecraft:dirt_path":2,"biomeswevegone:prairie_grass":16,"minecraft:iron_bars":5,"minecraft:green_carpet":1,"minecraft:azalea":1,"minecraft:white_banner":1,"minecraft:iron_block":1,"minecraft:player_head":28,"minecraft:deepslate_redstone_ore":30,"biomeswevegone:aspen_leaves":4,"biomeswevegone:palm_log":20,"minecraft:red_bed":2,"minecraft:cyan_terracotta":2,"minecraft:medium_amethyst_bud":3,"biomeswevegone:mahogany_log":35,"minecraft:smoker":1,"travelersbackpack:sheep":3,"biomeswevegone:baobab_log":1,"minecraft:amethyst_cluster":2,"minecraft:clay":83,"minecraft:torch":20,"biomeswevegone:aspen_log":27,"minecraft:calcite":87,"biomeswevegone:tall_prairie_grass":10,"minecraft:dead_bush":1,"biomeswevegone:golden_spined_cactus":2,"minecraft:cobblestone":6,"minecraft:cyan_bed":1,"minecraft:oak_planks":1,"minecraft:bricks":20,"minecraft:wall_torch":14,"minecraft:amethyst_block":68,"minecraft:deepslate_copper_ore":7,"minecraft:pink_petals":263,"minecraft:seagrass":3,"biomeswevegone:green_enchanted_leaves":4,"quark:cherry_bookshelf":3,"ecologics:seashell":11,"herbalbrews:wild_rooibos_plant":3,"travelersbackpack:pink_sleeping_bag":2,"minecraft:grass":132,"biomeswevegone:ripe_orchard_leaves":1,"minecraft:loom":1,"minecraft:sand":81,"minecraft:dirt":407,"minecraft:smooth_basalt":1,"minecraft:deepslate_tiles":1,"minecraft:deepslate":188,"werewolves:silver_ore":21,"minecraft:oak_leaves":13,"minecraft:daylight_detector":1,"biomeswevegone:white_anemone":1,"minecraft:tuff":68,"minecraft:yellow_wall_banner":16,"quark:andesite_bricks":1,"minecraft:deepslate_diamond_ore":2,"minecraft:cherry_sapling":2,"biomeswevegone:horseweed":1,"vampirism:vampire_orchid":4,"ecologics:coconut_log":23,"minecraft:moss_block":13,"minecraft:rooted_dirt":1,"minecraft:hay_block":53,"minecraft:black_stained_glass_pane":2,"biomeswevegone:imbued_blue_enchanted_wood":5,"minecraft:packed_mud":1,"minecraft:furnace":1,"biomeswevegone:ebony_leaves":3,"minecraft:acacia_stairs":2,"minecraft:andesite":6,"minecraft:white_glazed_terracotta":4,"minecraft:polished_deepslate":2,"minecraft:bookshelf":35,"biomeswevegone:ebony_log":109,"minecraft:deepslate_iron_ore":12,"minecraft:vine":5,"biomeswevegone:jacaranda_log":100,"biomeswevegone:brown_mushroom_stem":26,"minecraft:stone":212,"minecraft:white_wool":2,"biomeswevegone:green_mushroom":1,"supplementaries:book_pile_horizontal":1,"minecraft:oak_slab":1,"minecraft:flowering_azalea":25,"minecraft:glass_pane":2,"travelersbackpack:standard":14,"minecraft:crafting_table":5,"minecraft:emerald_ore":10,"minecraft:campfire":2,"minecraft:copper_ore":25,"minecraft:tall_grass":14,"vampirism:vampire_rack":1,"minecraft:deepslate_gold_ore":22,"minecraft:lapis_ore":2,"minecraft:diorite":8,"supplementaries:urn":8,"minecraft:spruce_stairs":5,"biomeswevegone:florus_stem":6,"minecraft:birch_planks":4,"minecraft:coarse_dirt":1,"minecraft:lime_glazed_terracotta":19,"minecraft:white_wall_banner":1,"minecraft:yellow_bed":4,"minecraft:coal_ore":121,"minecraft:cocoa":2,"biomeswevegone:flower_patch":2,"biomeswevegone:wood_blewit_mushroom_block":1,"biomeswevegone:ebony_planks":1,"minecraft:cobweb":136,"minecraft:small_dripleaf":1,"minecraft:gold_ore":10,"vampirism:blood_pedestal":1,"biomeswevegone:rainbow_eucalyptus_log":46,"minecraft:fern":1},"minecraft:picked_up":{"quark:diamond_heart":1,"vinery:red_grape":4,"biomeswevegone:pine_log":66,"minecraft:lead":7,"minecraft:diamond_sword":4,"minecraft:enchanted_book":3,"minecraft:amethyst_block":64,"minecraft:polished_deepslate":2,"minecraft:string":151,"minecraft:raw_copper":150,"vampirism:blood_pedestal":1,"minecraft:iron_leggings":1,"minecraft:armor_stand":1,"minecraft:experience_bottle":5,"herbalbrews:rooibos_leaf":3,"minecraft:deepslate_tiles":1,"minecraft:cobbled_deepslate":194,"alexsmobs:banana":1,"bosses_of_mass_destruction:soul_star":2,"enderzoology:ender_fragment":7,"minecraft:azalea":1,"minecraft:calcite":63,"minecraft:coal_block":19,"minecraft:music_disc_blocks":2,"minecraft:furnace":1,"minecraft:dark_oak_door":2,"minecraft:stick":130,"minecraft:tipped_arrow":3,"minecraft:white_glazed_terracotta":4,"biomeswevegone:ebony_sapling":11,"minecraft:torch":50,"ecologics:coconut_seedling":4,"werewolves:liver":2,"minecraft:spruce_stairs":5,"biomeswevegone:green_enchanted_sapling":1,"minecraft:porkchop":3,"biomeswevegone:green_enchanted_log":20,"minecraft:cherry_log":415,"minecraft:diorite":8,"vampirism:vampire_fang":9,"vampirism:amulet":1,"alexsmobs:centipede_leg":3,"minecraft:yellow_banner":16,"quark:ancient_tome":3,"minecraft:stone_sword":1,"vampirism:blood_bottle":2,"minecraft:rotten_flesh":76,"biomeswevegone:florus_stem":12,"relics:horse_flute":1,"supplementaries:antique_ink":1,"ecologics:coconut_log":23,"minecraft:iron_block":1,"farmersdelight:rope":13,"alexsmobs:emu_egg":4,"supplementaries:ash":26,"minecraft:obsidian":13,"minecraft:iron_bars":5,"minecraft:cod":6,"minecraft:cobblestone":203,"minecraft:pink_petals":1608,"vampirism:vampire_book":1,"minecraft:leather_chestplate":1,"biomeswevegone:palm_log":20,"minecraft:cherry_planks":2,"minecraft:water_bucket":1,"minecraft:andesite":6,"minecraft:jungle_log":25,"biomeswevegone:araucaria_sapling":18,"minecraft:smoker":1,"biomeswevegone:golden_spined_cactus":2,"minecraft:tuff":87,"supplementaries:flax_seeds":2,"biomeswevegone:shelf_fungi":2,"biomeswevegone:rainbow_eucalyptus_log":73,"minecraft:lapis_lazuli":41,"minecraft:map":3,"minecraft:dirt":1787,"minecraft:lantern":2,"minecraft:name_tag":1,"minecraft:bone":88,"supplementaries:cartographers_quill":2,"biomeswevegone:aspen_sapling":1,"minecraft:bow":2,"minecraft:wheat_seeds":48,"minecraft:raw_gold":51,"biomeswevegone:horseweed":2,"biomeswevegone:white_anemone":1,"biomeswevegone:jacaranda_log":115,"minecraft:rabbit":4,"minecraft:bamboo":22,"minecraft:moss_block":16,"minecraft:cyan_concrete":3,"minecraft:oak_planks":1,"minecraft:lime_glazed_terracotta":19,"biomeswevegone:rainbow_eucalyptus_sapling":12,"biomeswevegone:flower_patch":3,"minecraft:music_disc_13":1,"biomeswevegone:brown_mushroom_stem":21,"biomeswevegone:ironwood_sapling":12,"vinery:white_grape":3,"minecraft:sand":67,"quark:andesite_bricks":1,"minecraft:loom":1,"minecraft:cyan_bed":1,"minecraft:acacia_stairs":2,"alexsmobs:animal_dictionary":1,"minecraft:barrel":1,"biomeswevegone:ebony_log":77,"minecraft:iron_hoe":1,"minecraft:diamond":4,"waystones:waystone":2,"minecraft:granite":5,"minecraft:bone_meal":31,"biomeswevegone:ebony_planks":4,"minecraft:emerald":26,"minecraft:bread":50,"werewolves:cracked_bone":8,"alexsmobs:maggot":8,"minecraft:oak_sapling":1,"minecraft:cherry_slab":9,"minecraft:bricks":29,"minecraft:charcoal":4,"minecraft:cocoa_beans":8,"minecraft:coarse_dirt":1,"minecraft:crafting_table":5,"minecraft:chicken":1,"minecraft:clay_ball":340,"vampirism:dark_spruce_log":13,"biomeswevegone:leaf_pile":2,"minecraft:leather_leggings":1,"ecologics:seashell":11,"minecraft:red_bed":2,"minecraft:moss_carpet":4,"minecraft:item_frame":6,"minecraft:iron_shovel":2,"minecraft:beef":11,"alexsmobs:elastic_tendon":3,"minecraft:player_head":29,"minecraft:jungle_sapling":6,"biomeswevegone:jacaranda_boat":1,"minecraft:raw_iron":395,"ecologics:coconut_slice":4,"werewolves:raw_silver":42,"minecraft:carrot":2,"minecraft:redstone":137,"minecraft:iron_horse_armor":1,"minecraft:dark_oak_planks":9,"biomeswevegone:blue_enchanted_sapling":6,"biomeswevegone:quicksand":3,"biomeswevegone:pink_anemone":1,"minecraft:arrow":91,"minecraft:pumpkin_pie":2,"minecraft:deepslate_bricks":1,"minecraft:hay_block":52,"minecraft:stripped_dark_oak_wood":1,"minecraft:saddle":4,"minecraft:gold_ingot":4,"minecraft:glow_berries":8,"minecraft:mutton":3,"minecraft:bone_block":24,"minecraft:white_wool":3,"vampirism:vampire_blood_bottle":1,"minecraft:salmon":2,"minecraft:leather":12,"biomeswevegone:ironwood_log":137,"minecraft:birch_planks":4,"minecraft:chainmail_chestplate":1,"minecraft:yellow_bed":3,"minecraft:gunpowder":16,"biomeswevegone:imbued_blue_enchanted_wood":2,"travelersbackpack:sheep":5,"minecraft:white_banner":4,"vampirism:human_heart":5,"biomeswevegone:mahogany_sapling":2,"minecraft:apple":5,"alexsmobs:cockroach_wing_fragment":1,"minecraft:iron_ingot":14,"minecraft:stone_pickaxe":1,"minecraft:iron_sword":1,"minecraft:flowering_azalea":27,"minecraft:dark_oak_stairs":1,"minecraft:book":105,"minecraft:oak_slab":2,"minecraft:smooth_basalt":1,"biomeswevegone:mahogany_log":58,"minecraft:daylight_detector":1,"minecraft:red_wool":2,"minecraft:quartz":1,"minecraft:gravel":1,"minecraft:amethyst_shard":8,"minecraft:green_carpet":1,"minecraft:spider_eye":3,"minecraft:leather_helmet":1,"vampiresdelight:cooked_bat":1,"vampirism:vampire_rack":1,"travelersbackpack:standard":14,"biomeswevegone:aspen_log":45,"minecraft:firework_rocket":1,"biomeswevegone:jacaranda_sapling":18,"minecraft:slime_ball":3,"vampirism:blood_container":1,"minecraft:chainmail_leggings":1,"minecraft:iron_helmet":1,"minecraft:cherry_sapling":187,"biomeswevegone:blue_enchanted_log":19,"biomeswevegone:green_mushroom":2,"biomeswevegone:blueberries":11,"vampirism:vampire_orchid":4,"minecraft:coal":150,"minecraft:ender_pearl":3},"minecraft:killed_by":{"minecraft:pillager":8,"alexsmobs:murmur_head":4,"minecraft:vindicator":1,"enderzoology:fallen_knight":1,"enderzoology:fallen_mount":1,"vampirism:vampire":2,"minecraft:enderman":1,"alexsmobs:centipede_head":1,"minecraft:skeleton":5},"minecraft:broken":{"minecraft:iron_shovel":2,"minecraft:iron_boots":1,"minecraft:iron_chestplate":1,"minecraft:iron_leggings":2,"minecraft:iron_sword":1,"minecraft:iron_axe":4,"minecraft:iron_helmet":1},"minecraft:crafted":{"biomeswevegone:pine_planks":4,"biomeswevegone:jacaranda_planks":28,"minecraft:cherry_slab":36,"biomeswevegone:rainbow_eucalyptus_planks":4,"minecraft:stone":9,"quark:cherry_chest":15,"minecraft:iron_bars":16,"minecraft:glass":11,"biomeswevegone:palm_planks":4,"minecraft:bow":1,"minecraft:stone_bricks":8,"quark:andesite_bricks":4,"minecraft:cherry_fence":3,"biomeswevegone:ebony_planks":12,"minecraft:cooked_porkchop":0,"minecraft:diamond_axe":1,"minecraft:crafting_table":4,"minecraft:iron_helmet":1,"supplementaries:cage":9,"minecraft:diamond_pickaxe":1,"minecraft:cherry_sign":3,"minecraft:shield":1,"naturescompass:naturescompass":1,"minecraft:stick":180,"biomeswevegone:ironwood_planks":68,"minecraft:iron_ingot":181,"minecraft:iron_pickaxe":1,"minecraft:iron_block":3,"minecraft:gold_ingot":21,"minecraft:deepslate_bricks":8,"minecraft:shears":1,"minecraft:cherry_planks":448,"minecraft:furnace":3,"minecraft:pink_dye":7,"quark:cherry_bookshelf":19,"cataclysm:stone_tiles":4,"minecraft:polished_deepslate":12,"minecraft:iron_axe":4,"minecraft:cobblestone_wall":12,"quark:polished_tuff":4,"minecraft:wheat":117,"biomeswevegone:blue_enchanted_planks":4,"minecraft:coal_block":3,"minecraft:diamond_sword":1,"travelersbackpack:backpack_tank":2,"minecraft:bucket":1,"minecraft:deepslate_tiles":4,"minecraft:bread":39,"minecraft:air":0,"minecraft:jungle_planks":12,"minecraft:iron_leggings":2,"minecraft:anvil":1,"minecraft:torch":292,"minecraft:clay":54,"biomeswevegone:aspen_planks":4,"quark:tuff_bricks":4},"minecraft:dropped":{"minecraft:daylight_detector":1,"minecraft:moss_block":1,"biomeswevegone:leaf_pile":2,"minecraft:cooked_beef":9,"minecraft:red_wool":1,"minecraft:iron_horse_armor":1,"relics:horse_flute":1,"minecraft:saddle":4,"biomeswevegone:rainbow_eucalyptus_log":36,"biomeswevegone:ebony_planks":3,"minecraft:leather_helmet":1,"minecraft:music_disc_13":1,"minecraft:item_frame":1,"biomeswevegone:araucaria_sapling":9,"minecraft:dirt":20,"vampiresdelight:cooked_bat":1,"minecraft:mutton":1,"biomeswevegone:aspen_log":22,"biomeswevegone:ironwood_log":73,"minecraft:stripped_dark_oak_wood":1,"minecraft:jungle_sapling":3,"minecraft:bone_block":12,"minecraft:iron_pickaxe":1,"minecraft:dark_oak_planks":2,"minecraft:bone":24,"minecraft:gold_ingot":2,"quark:ancient_tome":2,"minecraft:music_disc_blocks":1,"minecraft:gravel":1,"minecraft:cobbled_deepslate":5,"minecraft:iron_nugget":23,"alexsmobs:animal_dictionary":1,"vampirism:vampire_orchid":1,"minecraft:obsidian":13,"biomeswevegone:jacaranda_log":54,"minecraft:rotten_flesh":40,"werewolves:raw_silver":21,"travelersbackpack:sheep":1,"alexsmobs:emu_egg":2,"supplementaries:antique_ink":1,"biomeswevegone:rainbow_eucalyptus_sapling":6,"minecraft:chainmail_chestplate":1,"supplementaries:flax_seeds":2,"supplementaries:ash":23,"minecraft:tipped_arrow":1,"alexsmobs:elastic_tendon":1,"supplementaries:cartographers_quill":2,"minecraft:gunpowder":13,"minecraft:jungle_log":6,"biomeswevegone:jacaranda_sapling":9,"farmersdelight:rope":13,"minecraft:leather_leggings":2,"minecraft:arrow":19,"minecraft:beef":8,"minecraft:water_bucket":1,"minecraft:bread":48,"biomeswevegone:blue_enchanted_sapling":3,"minecraft:enchanted_book":1,"minecraft:wheat_seeds":17,"minecraft:cherry_log":16,"vampirism:vampire_book":1,"minecraft:cobblestone":83,"minecraft:book":1,"biomeswevegone:florus_stem":6,"minecraft:spruce_stairs":1,"minecraft:stick":27,"biomeswevegone:pine_log":32,"minecraft:diorite":8,"minecraft:torch":5,"biomeswevegone:golden_spined_cactus":1,"werewolves:cracked_bone":2,"minecraft:cherry_planks":8,"biomeswevegone:mahogany_sapling":1,"minecraft:flowering_azalea":3,"minecraft:chainmail_leggings":1,"minecraft:string":38,"minecraft:pink_petals":138,"minecraft:bricks":18,"minecraft:moss_carpet":2,"alexsmobs:maggot":4,"minecraft:player_head":1,"biomeswevegone:mahogany_log":29,"biomeswevegone:blueberries":8,"minecraft:stone_sword":1,"minecraft:raw_copper":43,"minecraft:cocoa_beans":4,"minecraft:tuff":12,"minecraft:raw_iron":8,"minecraft:clay_ball":12,"minecraft:cherry_slab":12,"minecraft:name_tag":1,"biomeswevegone:quicksand":3,"minecraft:diamond_sword":5,"biomeswevegone:imbued_blue_enchanted_wood":2,"minecraft:oak_sapling":1,"minecraft:spider_eye":1,"minecraft:bamboo":11,"minecraft:bow":1,"minecraft:stone_pickaxe":1,"minecraft:raw_gold":22,"biomeswevegone:ironwood_sapling":6,"minecraft:cyan_bed":1}},"DataVersion":3465}