{"stats":{"minecraft:used":{"minecraft:cherry_sapling":26,"minecraft:iron_shovel":272,"minecraft:armor_stand":1,"biomeswevegone:blueberries":2,"minecraft:iron_sword":200,"minecraft:torch":89,"quark:cherry_chest":6,"minecraft:dirt":3,"minecraft:spyglass":22,"minecraft:spruce_stairs":4,"minecraft:milk_bucket":2,"minecraft:iron_hoe":37,"minecraft:lantern":2,"minecraft:iron_axe":890,"minecraft:item_frame":1,"minecraft:bow":17,"minecraft:furnace":2,"minecraft:golden_boots":1,"farmersdelight:iron_knife":21,"minecraft:water_bucket":29,"minecraft:leather_leggings":1,"minecraft:oak_planks":1,"minecraft:stone_pickaxe":17,"minecraft:ender_pearl":2,"minecraft:leather_chestplate":1,"minecraft:cherry_planks":22,"biomeswevegone:white_anemone":1,"biomeswevegone:jacaranda_boat":1,"minecraft:crafting_table":4,"minecraft:red_bed":2,"waystones:waystone":1,"relics:horse_flute":5,"minecraft:diamond_pickaxe":238,"minecraft:acacia_stairs":2,"minecraft:apple":1,"biomeswevegone:jacaranda_planks":1,"minecraft:bread":81,"minecraft:map":4,"biomeswevegone:flower_patch":1,"minecraft:diamond_sword":403,"minecraft:cobblestone":15,"travelersbackpack:standard":12,"minecraft:white_banner":2,"minecraft:bucket":30,"alexsmobs:animal_dictionary":47,"minecraft:yellow_bed":3,"vampirism:vampire_orchid":2,"minecraft:experience_bottle":5},"minecraft:picked_up":{"minecraft:charcoal":4,"minecraft:coarse_dirt":1,"minecraft:cocoa_beans":8,"minecraft:crafting_table":1,"vinery:red_grape":4,"minecraft:chicken":1,"vampirism:dark_spruce_log":13,"biomeswevegone:pine_log":64,"minecraft:diamond_sword":2,"minecraft:enchanted_book":2,"minecraft:string":137,"minecraft:red_bed":2,"minecraft:moss_carpet":2,"minecraft:item_frame":6,"vampirism:blood_pedestal":1,"minecraft:iron_leggings":1,"minecraft:armor_stand":1,"minecraft:iron_shovel":2,"minecraft:experience_bottle":5,"bosses_of_mass_destruction:soul_star":1,"enderzoology:ender_fragment":4,"minecraft:beef":11,"alexsmobs:elastic_tendon":1,"minecraft:jungle_sapling":6,"minecraft:coal_block":19,"biomeswevegone:jacaranda_boat":1,"minecraft:tipped_arrow":3,"minecraft:stick":117,"minecraft:raw_iron":120,"minecraft:torch":23,"minecraft:spruce_stairs":5,"minecraft:porkchop":3,"minecraft:cherry_log":398,"vampirism:vampire_fang":8,"minecraft:carrot":1,"minecraft:dark_oak_planks":2,"quark:ancient_tome":1,"minecraft:stone_sword":1,"minecraft:arrow":15,"minecraft:rotten_flesh":20,"biomeswevegone:florus_stem":12,"minecraft:pumpkin_pie":2,"minecraft:hay_block":52,"minecraft:iron_block":1,"minecraft:stripped_dark_oak_wood":1,"minecraft:saddle":2,"minecraft:gold_ingot":4,"minecraft:obsidian":13,"minecraft:mutton":2,"minecraft:iron_bars":5,"minecraft:cod":6,"minecraft:cobblestone":57,"vampirism:vampire_book":1,"minecraft:pink_petals":93,"minecraft:leather_chestplate":1,"minecraft:cherry_planks":2,"minecraft:salmon":2,"minecraft:jungle_log":12,"minecraft:leather":12,"biomeswevegone:araucaria_sapling":18,"minecraft:smoker":1,"biomeswevegone:ironwood_log":137,"minecraft:yellow_bed":3,"biomeswevegone:shelf_fungi":2,"biomeswevegone:rainbow_eucalyptus_log":72,"minecraft:map":3,"minecraft:dirt":151,"minecraft:lantern":2,"minecraft:white_banner":2,"supplementaries:cartographers_quill":2,"minecraft:bone":31,"biomeswevegone:mahogany_sapling":2,"minecraft:apple":5,"biomeswevegone:aspen_sapling":1,"minecraft:bow":2,"minecraft:wheat_seeds":8,"biomeswevegone:white_anemone":1,"minecraft:iron_ingot":11,"minecraft:stone_pickaxe":1,"biomeswevegone:jacaranda_log":115,"minecraft:rabbit":4,"minecraft:bamboo":22,"minecraft:moss_block":2,"minecraft:iron_sword":1,"minecraft:oak_planks":1,"minecraft:flowering_azalea":6,"minecraft:book":95,"minecraft:oak_slab":2,"biomeswevegone:rainbow_eucalyptus_sapling":12,"biomeswevegone:flower_patch":1,"biomeswevegone:mahogany_log":58,"biomeswevegone:ironwood_sapling":12,"minecraft:red_wool":1,"minecraft:quartz":1,"vinery:white_grape":3,"minecraft:sand":64,"minecraft:loom":1,"minecraft:cyan_bed":1,"minecraft:acacia_stairs":2,"alexsmobs:animal_dictionary":1,"vampirism:vampire_rack":1,"minecraft:iron_hoe":1,"travelersbackpack:standard":6,"biomeswevegone:aspen_log":44,"minecraft:firework_rocket":1,"biomeswevegone:jacaranda_sapling":18,"minecraft:slime_ball":3,"vampirism:blood_container":1,"minecraft:diamond":2,"waystones:waystone":1,"minecraft:chainmail_leggings":1,"minecraft:iron_helmet":1,"minecraft:cherry_sapling":187,"biomeswevegone:green_mushroom":2,"minecraft:emerald":13,"minecraft:bread":47,"werewolves:cracked_bone":3,"biomeswevegone:blueberries":8,"vampirism:vampire_orchid":3,"minecraft:coal":21,"minecraft:ender_pearl":3},"minecraft:killed_by":{"minecraft:enderman":1,"alexsmobs:murmur_head":2,"minecraft:vindicator":1,"enderzoology:fallen_mount":1,"vampirism:vampire":1},"minecraft:killed":{"vampirism:vampire":17,"enderzoology:owl":1,"minecraft:spider":2,"minecraft:vindicator":1,"alexsmobs:murmur":1,"minecraft:skeleton":29,"enderzoology:infested_zombie":3,"minecraft:drowned":1,"enderzoology:fallen_knight":1,"minecraft:husk":7,"minecraft:pillager":3,"minecraft:zombie":22,"alexsmobs:fly":2,"minecraft:enderman":1,"minecraft:cow":5},"minecraft:mined":{"biomeswevegone:white_anemone":1,"minecraft:waxed_cut_copper_slab":1,"minecraft:cherry_log":408,"minecraft:cherry_sapling":2,"minecraft:grass_block":167,"vampirism:dark_spruce_log":13,"minecraft:jungle_log":6,"vampirism:vampire_orchid":3,"minecraft:coal_block":19,"minecraft:moss_block":1,"minecraft:rooted_dirt":1,"biomeswevegone:pine_log":67,"minecraft:spawner":4,"biomeswevegone:yellow_birch_leaves":11,"minecraft:hay_block":53,"biomeswevegone:shelf_fungi":1,"minecraft:black_stained_glass_pane":2,"vampiresdelight:vampire_orchid_crop":1,"minecraft:iron_ore":120,"biomeswevegone:white_mushroom_stem":1,"minecraft:acacia_stairs":2,"biomeswevegone:ironwood_log":90,"minecraft:stripped_dark_oak_wood":1,"minecraft:bookshelf":35,"minecraft:vine":1,"biomeswevegone:prairie_grass":16,"minecraft:iron_bars":5,"biomeswevegone:jacaranda_log":100,"minecraft:stone":59,"minecraft:white_banner":1,"minecraft:iron_block":1,"minecraft:white_wool":2,"biomeswevegone:green_mushroom":1,"minecraft:oak_slab":1,"biomeswevegone:aspen_leaves":4,"minecraft:flowering_azalea":3,"minecraft:glass_pane":2,"minecraft:red_bed":2,"biomeswevegone:mahogany_log":35,"minecraft:smoker":1,"travelersbackpack:standard":6,"minecraft:crafting_table":1,"biomeswevegone:aspen_log":26,"minecraft:torch":15,"minecraft:emerald_ore":7,"biomeswevegone:tall_prairie_grass":9,"minecraft:campfire":2,"minecraft:tall_grass":8,"minecraft:cobblestone":1,"vampirism:vampire_rack":1,"minecraft:cyan_bed":1,"minecraft:oak_planks":1,"minecraft:wall_torch":10,"minecraft:pink_petals":20,"minecraft:spruce_stairs":5,"minecraft:seagrass":3,"biomeswevegone:florus_stem":6,"minecraft:coarse_dirt":1,"travelersbackpack:pink_sleeping_bag":2,"minecraft:white_wall_banner":1,"minecraft:yellow_bed":4,"minecraft:grass":44,"minecraft:coal_ore":26,"minecraft:cocoa":2,"biomeswevegone:ripe_orchard_leaves":1,"minecraft:loom":1,"minecraft:sand":80,"minecraft:dirt":19,"minecraft:cobweb":136,"vampirism:blood_pedestal":1,"biomeswevegone:rainbow_eucalyptus_log":45,"minecraft:oak_leaves":4,"minecraft:dark_oak_planks":2},"minecraft:dropped":{"minecraft:bread":45,"minecraft:moss_block":1,"minecraft:wheat_seeds":6,"vampirism:vampire_book":1,"minecraft:book":1,"biomeswevegone:florus_stem":6,"minecraft:saddle":2,"biomeswevegone:rainbow_eucalyptus_log":36,"minecraft:spruce_stairs":1,"biomeswevegone:araucaria_sapling":9,"minecraft:item_frame":1,"minecraft:stick":12,"minecraft:dirt":3,"biomeswevegone:pine_log":32,"biomeswevegone:aspen_log":22,"biomeswevegone:ironwood_log":73,"minecraft:cherry_planks":2,"minecraft:stripped_dark_oak_wood":1,"minecraft:jungle_sapling":3,"biomeswevegone:mahogany_sapling":1,"minecraft:flowering_azalea":3,"minecraft:chainmail_leggings":1,"minecraft:dark_oak_planks":2,"minecraft:string":36,"minecraft:pink_petals":3,"minecraft:gold_ingot":2,"quark:ancient_tome":1,"minecraft:moss_carpet":1,"biomeswevegone:mahogany_log":29,"biomeswevegone:blueberries":8,"minecraft:stone_sword":1,"alexsmobs:animal_dictionary":1,"minecraft:cocoa_beans":4,"biomeswevegone:jacaranda_log":54,"vampirism:vampire_orchid":1,"minecraft:obsidian":13,"minecraft:rotten_flesh":3,"biomeswevegone:rainbow_eucalyptus_sapling":6,"minecraft:diamond_sword":2,"supplementaries:cartographers_quill":2,"minecraft:jungle_log":6,"biomeswevegone:jacaranda_sapling":9,"minecraft:leather_leggings":1,"minecraft:bamboo":11,"minecraft:beef":8,"minecraft:stone_pickaxe":1,"biomeswevegone:ironwood_sapling":6,"minecraft:cyan_bed":1},"minecraft:custom":{"minecraft:mob_kills":97,"minecraft:interact_with_crafting_table":26,"minecraft:open_barrel":18,"minecraft:bell_ring":5,"minecraft:eat_cake_slice":3,"minecraft:damage_dealt_resisted":582,"minecraft:leave_game":4,"minecraft:time_since_death":12631,"minecraft:climb_one_cm":29908,"minecraft:damage_resisted":10,"minecraft:sprint_one_cm":834565,"minecraft:walk_one_cm":1458188,"vampirism:interact_with_coffin":1,"minecraft:drop":59,"vampirism:interact_with_totem":3,"minecraft:play_noteblock":16,"minecraft:talked_to_villager":73,"minecraft:play_time":464123,"minecraft:sneak_time":2681,"minecraft:deaths":6,"minecraft:walk_under_water_one_cm":30242,"minecraft:jump":3544,"minecraft:interact_with_blast_furnace":9,"minecraft:walk_on_water_one_cm":37075,"minecraft:total_world_time":464123,"minecraft:interact_with_furnace":71,"minecraft:tune_noteblock":6,"minecraft:interact_with_loom":1,"minecraft:interact_with_stonecutter":1,"minecraft:sleep_in_bed":24,"minecraft:waystone_activated":6,"minecraft:time_since_rest":12684,"minecraft:damage_taken":6531,"minecraft:damage_dealt":21146,"minecraft:swim_one_cm":55080,"minecraft:fly_one_cm":425813,"minecraft:open_chest":178,"minecraft:crouch_one_cm":6709,"minecraft:interact_with_smoker":14,"minecraft:fall_one_cm":97061,"minecraft:horse_one_cm":13514},"minecraft:crafted":{"minecraft:cherry_planks":140,"biomeswevegone:jacaranda_planks":28,"minecraft:furnace":2,"quark:cherry_chest":6,"minecraft:pink_dye":7,"minecraft:glass":0,"minecraft:bow":1,"minecraft:iron_axe":3,"minecraft:coal_block":3,"minecraft:cooked_porkchop":0,"minecraft:crafting_table":2,"minecraft:iron_helmet":1,"travelersbackpack:backpack_tank":2,"minecraft:iron_pickaxe":1,"biomeswevegone:ironwood_planks":64,"minecraft:stick":64,"minecraft:iron_ingot":9,"minecraft:iron_leggings":1,"minecraft:torch":164},"minecraft:broken":{"minecraft:iron_leggings":1,"minecraft:iron_axe":3,"minecraft:iron_sword":1,"minecraft:iron_helmet":1}},"DataVersion":3465}