{"stats":{"minecraft:crafted":{"minecraft:cherry_planks":140,"quark:cherry_chest":6,"minecraft:bow":1,"minecraft:coal_block":3,"minecraft:stick":20,"minecraft:torch":32},"minecraft:mined":{"biomeswevegone:white_anemone":1,"minecraft:cherry_log":64,"minecraft:cherry_sapling":2,"minecraft:grass_block":4,"vampirism:dark_spruce_log":13,"vampirism:vampire_orchid":3,"minecraft:coal_block":19,"minecraft:hay_block":53,"minecraft:acacia_stairs":2,"minecraft:bookshelf":35,"biomeswevegone:prairie_grass":15,"minecraft:iron_bars":5,"minecraft:stone":15,"minecraft:white_wool":2,"biomeswevegone:green_mushroom":1,"minecraft:oak_slab":1,"minecraft:glass_pane":2,"minecraft:red_bed":2,"minecraft:smoker":1,"minecraft:torch":14,"biomeswevegone:tall_prairie_grass":8,"minecraft:campfire":2,"minecraft:cobblestone":1,"minecraft:tall_grass":7,"vampirism:vampire_rack":1,"minecraft:oak_planks":1,"minecraft:wall_torch":7,"minecraft:seagrass":3,"minecraft:pink_petals":3,"minecraft:spruce_stairs":5,"minecraft:coarse_dirt":1,"minecraft:yellow_bed":4,"minecraft:grass":16,"biomeswevegone:ripe_orchard_leaves":1,"minecraft:sand":80,"minecraft:loom":1,"minecraft:dirt":7,"minecraft:cobweb":136,"vampirism:blood_pedestal":1},"minecraft:killed":{"vampirism:vampire":6,"enderzoology:owl":1,"minecraft:spider":1,"alexsmobs:murmur":1,"minecraft:skeleton":4,"enderzoology:infested_zombie":1,"minecraft:husk":2,"minecraft:zombie":8,"minecraft:cow":5,"minecraft:enderman":1},"minecraft:picked_up":{"minecraft:charcoal":4,"minecraft:coarse_dirt":1,"vinery:red_grape":4,"minecraft:chicken":1,"vampirism:dark_spruce_log":13,"minecraft:enchanted_book":2,"minecraft:string":137,"minecraft:red_bed":2,"vampirism:blood_pedestal":1,"minecraft:armor_stand":1,"minecraft:iron_leggings":1,"minecraft:item_frame":6,"minecraft:iron_shovel":1,"minecraft:experience_bottle":5,"minecraft:beef":11,"enderzoology:ender_fragment":1,"alexsmobs:elastic_tendon":1,"minecraft:coal_block":19,"minecraft:tipped_arrow":3,"minecraft:stick":15,"minecraft:torch":19,"minecraft:spruce_stairs":5,"minecraft:cherry_log":64,"vampirism:vampire_fang":4,"minecraft:carrot":1,"minecraft:stone_sword":1,"minecraft:arrow":3,"minecraft:rotten_flesh":7,"minecraft:pumpkin_pie":2,"minecraft:hay_block":52,"minecraft:gold_ingot":4,"minecraft:mutton":2,"minecraft:iron_bars":5,"minecraft:cod":6,"minecraft:cobblestone":15,"minecraft:pink_petals":10,"minecraft:leather_chestplate":1,"minecraft:salmon":2,"minecraft:leather":12,"minecraft:smoker":1,"minecraft:yellow_bed":3,"minecraft:map":3,"minecraft:dirt":12,"minecraft:lantern":2,"minecraft:bone":2,"minecraft:apple":5,"minecraft:bow":2,"minecraft:wheat_seeds":7,"biomeswevegone:white_anemone":1,"minecraft:stone_pickaxe":1,"minecraft:iron_ingot":11,"minecraft:rabbit":4,"minecraft:oak_planks":1,"minecraft:iron_sword":1,"minecraft:book":95,"minecraft:oak_slab":2,"biomeswevegone:flower_patch":1,"minecraft:red_wool":1,"minecraft:quartz":1,"minecraft:sand":64,"minecraft:loom":1,"minecraft:acacia_stairs":2,"alexsmobs:animal_dictionary":1,"minecraft:iron_hoe":1,"vampirism:vampire_rack":1,"minecraft:firework_rocket":1,"vampirism:blood_container":1,"minecraft:slime_ball":3,"minecraft:diamond":2,"waystones:waystone":1,"minecraft:chainmail_leggings":1,"minecraft:iron_helmet":1,"minecraft:cherry_sapling":29,"biomeswevegone:green_mushroom":2,"minecraft:bread":47,"minecraft:emerald":4,"vampirism:vampire_orchid":3,"biomeswevegone:blueberries":8,"minecraft:coal":1,"minecraft:ender_pearl":3},"minecraft:custom":{"minecraft:mob_kills":30,"minecraft:interact_with_crafting_table":8,"minecraft:open_barrel":12,"minecraft:bell_ring":3,"minecraft:eat_cake_slice":3,"minecraft:damage_dealt_resisted":314,"minecraft:leave_game":2,"minecraft:time_since_death":178765,"minecraft:climb_one_cm":18125,"minecraft:sprint_one_cm":562505,"minecraft:walk_one_cm":978162,"vampirism:interact_with_coffin":1,"vampirism:interact_with_totem":2,"minecraft:drop":21,"minecraft:play_noteblock":16,"minecraft:talked_to_villager":64,"minecraft:play_time":264627,"minecraft:deaths":3,"minecraft:sneak_time":1062,"minecraft:walk_under_water_one_cm":14802,"minecraft:jump":1836,"minecraft:interact_with_blast_furnace":2,"minecraft:walk_on_water_one_cm":21033,"minecraft:total_world_time":264627,"minecraft:interact_with_furnace":57,"minecraft:tune_noteblock":6,"minecraft:interact_with_loom":1,"minecraft:interact_with_stonecutter":1,"minecraft:sleep_in_bed":15,"minecraft:time_since_rest":32688,"minecraft:waystone_activated":6,"minecraft:damage_taken":2193,"minecraft:damage_dealt":6308,"minecraft:swim_one_cm":16795,"minecraft:fly_one_cm":197337,"minecraft:open_chest":112,"minecraft:crouch_one_cm":2574,"minecraft:interact_with_smoker":7,"minecraft:fall_one_cm":36336},"minecraft:used":{"minecraft:cherry_sapling":26,"minecraft:iron_shovel":83,"minecraft:armor_stand":1,"biomeswevegone:blueberries":2,"minecraft:iron_sword":200,"minecraft:torch":55,"minecraft:dirt":2,"quark:cherry_chest":4,"minecraft:spyglass":22,"minecraft:spruce_stairs":4,"minecraft:milk_bucket":1,"minecraft:iron_hoe":37,"minecraft:lantern":2,"minecraft:iron_axe":122,"minecraft:item_frame":1,"minecraft:bow":2,"minecraft:golden_boots":1,"farmersdelight:iron_knife":21,"minecraft:water_bucket":5,"minecraft:leather_leggings":1,"minecraft:stone_pickaxe":17,"minecraft:oak_planks":1,"minecraft:ender_pearl":1,"minecraft:leather_chestplate":1,"minecraft:cherry_planks":2,"biomeswevegone:white_anemone":1,"minecraft:crafting_table":1,"minecraft:red_bed":2,"waystones:waystone":1,"minecraft:diamond_pickaxe":26,"minecraft:acacia_stairs":2,"minecraft:bread":17,"minecraft:map":4,"biomeswevegone:flower_patch":1,"minecraft:diamond_sword":85,"minecraft:cobblestone":11,"minecraft:bucket":5,"minecraft:yellow_bed":3,"alexsmobs:animal_dictionary":44,"minecraft:experience_bottle":5},"minecraft:killed_by":{"minecraft:enderman":1,"alexsmobs:murmur_head":2},"minecraft:broken":{"minecraft:iron_sword":1},"minecraft:dropped":{"minecraft:bread":45,"minecraft:wheat_seeds":6,"minecraft:book":1,"minecraft:spruce_stairs":1,"minecraft:item_frame":1,"minecraft:stick":12,"minecraft:dirt":3,"minecraft:chainmail_leggings":1,"minecraft:string":36,"minecraft:pink_petals":3,"biomeswevegone:blueberries":8,"minecraft:stone_sword":1,"alexsmobs:animal_dictionary":1,"minecraft:rotten_flesh":1,"minecraft:leather_leggings":1,"minecraft:beef":8,"minecraft:stone_pickaxe":1}},"DataVersion":3465}