{"stats":{"minecraft:killed":{"vampirism:vampire":4,"minecraft:husk":2,"minecraft:spider":1,"minecraft:skeleton":2,"minecraft:zombie":6,"minecraft:enderman":1},"minecraft:custom":{"minecraft:interact_with_furnace":2,"minecraft:mob_kills":16,"minecraft:interact_with_crafting_table":2,"minecraft:open_barrel":1,"minecraft:damage_dealt_resisted":314,"minecraft:leave_game":1,"minecraft:time_since_death":16585,"minecraft:sleep_in_bed":6,"minecraft:time_since_rest":16615,"minecraft:waystone_activated":1,"minecraft:sprint_one_cm":190339,"minecraft:damage_taken":809,"minecraft:walk_one_cm":275013,"vampirism:interact_with_totem":2,"minecraft:drop":5,"minecraft:damage_dealt":3845,"minecraft:talked_to_villager":18,"minecraft:fly_one_cm":100446,"minecraft:open_chest":26,"minecraft:crouch_one_cm":325,"minecraft:play_time":84006,"minecraft:deaths":1,"minecraft:sneak_time":313,"minecraft:walk_under_water_one_cm":321,"minecraft:jump":682,"minecraft:walk_on_water_one_cm":1380,"minecraft:total_world_time":84006,"minecraft:fall_one_cm":13581},"minecraft:used":{"minecraft:golden_boots":1,"minecraft:cherry_sapling":26,"minecraft:leather_leggings":1,"minecraft:armor_stand":1,"minecraft:stone_pickaxe":17,"minecraft:leather_chestplate":1,"minecraft:iron_sword":93,"minecraft:torch":12,"minecraft:dirt":2,"quark:cherry_chest":2,"minecraft:crafting_table":1,"minecraft:iron_hoe":12,"minecraft:acacia_stairs":2,"minecraft:iron_axe":64,"minecraft:bread":1,"minecraft:map":4,"minecraft:cobblestone":11,"alexsmobs:animal_dictionary":5,"minecraft:yellow_bed":3,"minecraft:experience_bottle":1},"minecraft:mined":{"minecraft:glass_pane":2,"minecraft:smoker":1,"minecraft:cherry_log":64,"minecraft:cherry_sapling":2,"minecraft:torch":2,"minecraft:grass_block":4,"biomeswevegone:tall_prairie_grass":6,"minecraft:tall_grass":6,"minecraft:cobblestone":1,"minecraft:wall_torch":2,"minecraft:pink_petals":2,"minecraft:hay_block":31,"minecraft:acacia_stairs":2,"minecraft:yellow_bed":4,"minecraft:grass":10,"biomeswevegone:prairie_grass":7,"minecraft:dirt":7,"minecraft:stone":15,"biomeswevegone:green_mushroom":1},"minecraft:picked_up":{"minecraft:pink_petals":7,"minecraft:leather_chestplate":1,"minecraft:chicken":1,"minecraft:salmon":2,"minecraft:smoker":1,"minecraft:yellow_bed":3,"minecraft:map":1,"minecraft:string":2,"minecraft:dirt":12,"minecraft:iron_leggings":1,"minecraft:item_frame":3,"minecraft:armor_stand":1,"minecraft:iron_shovel":1,"minecraft:bone":2,"minecraft:experience_bottle":1,"minecraft:apple":2,"minecraft:bow":2,"minecraft:wheat_seeds":2,"minecraft:stone_pickaxe":1,"minecraft:iron_ingot":6,"minecraft:iron_sword":1,"minecraft:tipped_arrow":3,"minecraft:stick":15,"minecraft:torch":4,"minecraft:cherry_log":64,"vampirism:vampire_fang":2,"minecraft:carrot":1,"minecraft:acacia_stairs":2,"minecraft:iron_hoe":1,"minecraft:slime_ball":3,"minecraft:rotten_flesh":4,"minecraft:chainmail_leggings":1,"minecraft:iron_helmet":1,"minecraft:hay_block":30,"minecraft:cherry_sapling":29,"biomeswevegone:green_mushroom":2,"minecraft:emerald":1,"minecraft:gold_ingot":2,"minecraft:bread":2,"minecraft:cod":6,"minecraft:coal":1,"minecraft:cobblestone":15,"minecraft:ender_pearl":1},"minecraft:killed_by":{"minecraft:enderman":1},"minecraft:crafted":{"minecraft:cherry_planks":140,"quark:cherry_chest":1,"minecraft:stick":20,"minecraft:torch":32},"minecraft:dropped":{"minecraft:dirt":2,"minecraft:leather_leggings":1,"minecraft:stone_pickaxe":1,"minecraft:pink_petals":3,"minecraft:chainmail_leggings":1}},"DataVersion":3465}