{"stats":{"minecraft:mined":{"minecraft:glass_pane":2,"minecraft:smoker":1,"minecraft:cherry_log":64,"minecraft:cherry_sapling":2,"minecraft:torch":2,"minecraft:grass_block":4,"biomeswevegone:tall_prairie_grass":6,"minecraft:tall_grass":2,"minecraft:cobblestone":1,"minecraft:wall_torch":2,"minecraft:pink_petals":1,"minecraft:hay_block":31,"minecraft:acacia_stairs":2,"minecraft:yellow_bed":4,"minecraft:grass":5,"biomeswevegone:prairie_grass":7,"minecraft:dirt":7,"minecraft:stone":15,"biomeswevegone:green_mushroom":1},"minecraft:crafted":{"minecraft:cherry_planks":140,"quark:cherry_chest":1},"minecraft:killed":{"minecraft:zombie":3},"minecraft:picked_up":{"minecraft:pink_petals":4,"minecraft:leather_chestplate":1,"minecraft:chicken":1,"minecraft:salmon":2,"minecraft:smoker":1,"minecraft:yellow_bed":3,"minecraft:map":1,"minecraft:dirt":11,"minecraft:iron_leggings":1,"minecraft:item_frame":3,"minecraft:armor_stand":1,"minecraft:iron_shovel":1,"minecraft:experience_bottle":1,"minecraft:apple":2,"minecraft:bow":1,"minecraft:wheat_seeds":2,"minecraft:stone_pickaxe":1,"minecraft:iron_ingot":6,"minecraft:iron_sword":1,"minecraft:tipped_arrow":3,"minecraft:stick":15,"minecraft:torch":4,"minecraft:cherry_log":64,"minecraft:carrot":1,"minecraft:acacia_stairs":2,"minecraft:iron_hoe":1,"minecraft:rotten_flesh":3,"minecraft:slime_ball":3,"minecraft:chainmail_leggings":1,"minecraft:hay_block":30,"minecraft:iron_helmet":1,"minecraft:cherry_sapling":29,"minecraft:bread":2,"minecraft:gold_ingot":2,"biomeswevegone:green_mushroom":2,"minecraft:emerald":1,"minecraft:cod":6,"minecraft:coal":1,"minecraft:cobblestone":15},"minecraft:custom":{"minecraft:interact_with_furnace":2,"minecraft:mob_kills":3,"minecraft:interact_with_crafting_table":2,"minecraft:open_barrel":1,"minecraft:time_since_death":65454,"minecraft:sleep_in_bed":6,"minecraft:time_since_rest":607,"minecraft:waystone_activated":1,"minecraft:sprint_one_cm":163531,"minecraft:damage_taken":225,"minecraft:walk_one_cm":240389,"vampirism:interact_with_totem":2,"minecraft:drop":4,"minecraft:damage_dealt":491,"minecraft:talked_to_villager":18,"minecraft:fly_one_cm":46013,"minecraft:open_chest":23,"minecraft:crouch_one_cm":184,"minecraft:play_time":65454,"minecraft:sneak_time":196,"minecraft:walk_under_water_one_cm":321,"minecraft:jump":399,"minecraft:walk_on_water_one_cm":1380,"minecraft:total_world_time":65454,"minecraft:fall_one_cm":7195},"minecraft:used":{"minecraft:golden_boots":1,"minecraft:cherry_sapling":26,"minecraft:leather_leggings":1,"minecraft:armor_stand":1,"minecraft:stone_pickaxe":17,"minecraft:leather_chestplate":1,"minecraft:iron_sword":12,"minecraft:torch":3,"quark:cherry_chest":2,"minecraft:crafting_table":1,"minecraft:iron_hoe":12,"minecraft:acacia_stairs":2,"minecraft:iron_axe":64,"minecraft:bread":1,"minecraft:map":4,"minecraft:cobblestone":11,"minecraft:yellow_bed":3,"alexsmobs:animal_dictionary":5,"minecraft:experience_bottle":1},"minecraft:dropped":{"minecraft:dirt":2,"minecraft:leather_leggings":1,"minecraft:stone_pickaxe":1,"minecraft:chainmail_leggings":1}},"DataVersion":3465}