{"stats":{"minecraft:mined":{"minecraft:grass":1,"minecraft:hay_block":20,"minecraft:glass_pane":2,"minecraft:acacia_stairs":2,"minecraft:yellow_bed":1,"biomeswevegone:green_mushroom":1},"minecraft:picked_up":{"minecraft:iron_hoe":1,"minecraft:item_frame":3,"minecraft:iron_shovel":1,"minecraft:salmon":1,"minecraft:bow":1,"minecraft:hay_block":19,"minecraft:iron_ingot":3,"minecraft:stone_pickaxe":1,"minecraft:bread":2,"biomeswevegone:green_mushroom":2,"minecraft:gold_ingot":1,"minecraft:emerald":1,"minecraft:yellow_bed":1,"minecraft:carrot":1,"minecraft:acacia_stairs":2,"minecraft:cod":2,"minecraft:map":1,"minecraft:tipped_arrow":1},"minecraft:custom":{"minecraft:open_barrel":1,"minecraft:time_since_rest":6208,"minecraft:open_chest":6,"minecraft:interact_with_furnace":1,"minecraft:play_time":17454,"minecraft:sprint_one_cm":55422,"minecraft:damage_taken":10,"minecraft:walk_one_cm":66479,"minecraft:sneak_time":11,"minecraft:walk_under_water_one_cm":321,"minecraft:jump":83,"minecraft:time_since_death":17454,"minecraft:walk_on_water_one_cm":1195,"minecraft:sleep_in_bed":1,"minecraft:total_world_time":17454,"minecraft:talked_to_villager":12,"minecraft:fall_one_cm":815,"minecraft:fly_one_cm":6296},"minecraft:used":{"minecraft:acacia_stairs":1,"minecraft:map":1}},"DataVersion":3465}