{"stats":{"minecraft:killed":{"vampirism:vampire":4,"minecraft:husk":2,"minecraft:spider":1,"alexsmobs:murmur":1,"minecraft:skeleton":2,"minecraft:zombie":6,"minecraft:enderman":1},"minecraft:custom":{"minecraft:interact_with_furnace":36,"minecraft:mob_kills":17,"minecraft:interact_with_crafting_table":4,"minecraft:open_barrel":9,"minecraft:interact_with_loom":1,"minecraft:damage_dealt_resisted":314,"minecraft:leave_game":1,"minecraft:time_since_death":58144,"minecraft:sleep_in_bed":9,"minecraft:climb_one_cm":5921,"minecraft:time_since_rest":15567,"minecraft:waystone_activated":3,"minecraft:sprint_one_cm":291949,"minecraft:damage_taken":1331,"minecraft:walk_one_cm":549780,"vampirism:interact_with_totem":2,"minecraft:drop":14,"minecraft:damage_dealt":4146,"minecraft:swim_one_cm":4735,"minecraft:talked_to_villager":32,"minecraft:fly_one_cm":149887,"minecraft:open_chest":71,"minecraft:crouch_one_cm":352,"minecraft:play_time":144006,"minecraft:deaths":3,"minecraft:sneak_time":362,"minecraft:walk_under_water_one_cm":2803,"minecraft:interact_with_blast_furnace":1,"minecraft:jump":1125,"minecraft:walk_on_water_one_cm":6616,"minecraft:interact_with_smoker":5,"minecraft:total_world_time":144006,"minecraft:fall_one_cm":24033},"minecraft:used":{"minecraft:golden_boots":1,"minecraft:cherry_sapling":26,"minecraft:water_bucket":2,"minecraft:leather_leggings":1,"minecraft:armor_stand":1,"minecraft:stone_pickaxe":17,"minecraft:ender_pearl":1,"minecraft:leather_chestplate":1,"minecraft:iron_sword":139,"minecraft:torch":23,"minecraft:dirt":2,"quark:cherry_chest":2,"minecraft:crafting_table":1,"minecraft:red_bed":2,"minecraft:spruce_stairs":2,"waystones:waystone":1,"minecraft:iron_hoe":37,"minecraft:diamond_pickaxe":20,"minecraft:acacia_stairs":2,"minecraft:lantern":2,"minecraft:iron_axe":66,"minecraft:bread":2,"minecraft:map":4,"biomeswevegone:flower_patch":1,"minecraft:item_frame":1,"minecraft:cobblestone":11,"minecraft:bucket":1,"alexsmobs:animal_dictionary":16,"minecraft:yellow_bed":3,"minecraft:experience_bottle":3},"minecraft:mined":{"minecraft:glass_pane":2,"minecraft:red_bed":2,"minecraft:smoker":1,"minecraft:cherry_log":64,"minecraft:cherry_sapling":2,"minecraft:torch":3,"minecraft:grass_block":4,"biomeswevegone:tall_prairie_grass":8,"minecraft:campfire":2,"minecraft:coal_block":19,"minecraft:tall_grass":7,"minecraft:cobblestone":1,"minecraft:wall_torch":7,"minecraft:spruce_stairs":3,"minecraft:pink_petals":3,"minecraft:hay_block":53,"minecraft:coarse_dirt":1,"minecraft:acacia_stairs":2,"minecraft:yellow_bed":4,"minecraft:grass":11,"biomeswevegone:ripe_orchard_leaves":1,"biomeswevegone:prairie_grass":15,"minecraft:cobweb":33,"minecraft:loom":1,"minecraft:dirt":7,"minecraft:stone":15,"biomeswevegone:green_mushroom":1},"minecraft:picked_up":{"minecraft:charcoal":4,"minecraft:pink_petals":10,"minecraft:coarse_dirt":1,"minecraft:leather_chestplate":1,"minecraft:chicken":1,"minecraft:salmon":2,"minecraft:leather":2,"minecraft:smoker":1,"minecraft:enchanted_book":1,"minecraft:yellow_bed":3,"minecraft:map":2,"minecraft:red_bed":2,"minecraft:string":35,"minecraft:dirt":12,"minecraft:lantern":2,"minecraft:iron_leggings":1,"minecraft:item_frame":5,"minecraft:armor_stand":1,"minecraft:iron_shovel":1,"minecraft:bone":2,"minecraft:experience_bottle":3,"minecraft:apple":3,"minecraft:bow":2,"minecraft:wheat_seeds":6,"minecraft:beef":2,"minecraft:stone_pickaxe":1,"minecraft:iron_ingot":7,"alexsmobs:elastic_tendon":1,"minecraft:rabbit":4,"minecraft:coal_block":19,"minecraft:iron_sword":1,"minecraft:book":1,"minecraft:tipped_arrow":3,"minecraft:stick":15,"biomeswevegone:flower_patch":1,"minecraft:quartz":1,"minecraft:red_wool":1,"minecraft:torch":11,"minecraft:spruce_stairs":3,"minecraft:cherry_log":64,"vampirism:vampire_fang":3,"minecraft:loom":1,"minecraft:carrot":1,"minecraft:acacia_stairs":2,"minecraft:iron_hoe":1,"minecraft:firework_rocket":1,"minecraft:stone_sword":1,"minecraft:slime_ball":3,"minecraft:rotten_flesh":4,"waystones:waystone":1,"minecraft:pumpkin_pie":2,"minecraft:chainmail_leggings":1,"minecraft:iron_helmet":1,"minecraft:hay_block":52,"minecraft:cherry_sapling":29,"biomeswevegone:green_mushroom":2,"minecraft:emerald":2,"minecraft:gold_ingot":2,"minecraft:bread":2,"minecraft:mutton":2,"minecraft:cod":6,"minecraft:coal":1,"minecraft:cobblestone":15,"minecraft:ender_pearl":2},"minecraft:killed_by":{"minecraft:enderman":1,"alexsmobs:murmur_head":2},"minecraft:crafted":{"minecraft:coal_block":3,"minecraft:cherry_planks":140,"quark:cherry_chest":1,"minecraft:bow":1,"minecraft:stick":20,"minecraft:torch":32},"minecraft:dropped":{"minecraft:wheat_seeds":5,"minecraft:stone_sword":1,"minecraft:book":1,"minecraft:rotten_flesh":1,"minecraft:spruce_stairs":1,"minecraft:item_frame":1,"minecraft:stick":12,"minecraft:dirt":3,"minecraft:leather_leggings":1,"minecraft:stone_pickaxe":1,"minecraft:string":2,"minecraft:pink_petals":3,"minecraft:chainmail_leggings":1}},"DataVersion":3465}