{"stats":{"minecraft:mined":{"minecraft:hay_block":31,"minecraft:glass_pane":2,"minecraft:smoker":1,"minecraft:acacia_stairs":2,"minecraft:yellow_bed":2,"minecraft:grass":1,"minecraft:dirt":7,"minecraft:cobblestone":1,"minecraft:tall_grass":1,"minecraft:stone":15,"minecraft:wall_torch":2,"biomeswevegone:green_mushroom":1},"minecraft:picked_up":{"minecraft:tipped_arrow":3,"minecraft:leather_chestplate":1,"minecraft:salmon":2,"minecraft:torch":2,"minecraft:smoker":1,"minecraft:yellow_bed":2,"minecraft:carrot":1,"minecraft:acacia_stairs":2,"minecraft:map":1,"minecraft:dirt":7,"minecraft:iron_leggings":1,"minecraft:armor_stand":1,"minecraft:iron_hoe":1,"minecraft:item_frame":3,"minecraft:iron_shovel":1,"minecraft:experience_bottle":1,"minecraft:rotten_flesh":1,"minecraft:slime_ball":3,"minecraft:apple":2,"minecraft:bow":1,"minecraft:chainmail_leggings":1,"minecraft:iron_helmet":1,"minecraft:hay_block":30,"minecraft:iron_ingot":6,"minecraft:stone_pickaxe":1,"biomeswevegone:green_mushroom":2,"minecraft:emerald":1,"minecraft:gold_ingot":2,"minecraft:bread":2,"minecraft:coal":1,"minecraft:iron_sword":1,"minecraft:cod":6,"minecraft:cobblestone":15},"minecraft:custom":{"minecraft:waystone_activated":1,"minecraft:time_since_rest":3770,"minecraft:interact_with_furnace":2,"minecraft:sprint_one_cm":81433,"minecraft:damage_taken":50,"minecraft:walk_one_cm":158805,"minecraft:drop":2,"vampirism:interact_with_totem":2,"minecraft:damage_dealt":0,"minecraft:talked_to_villager":18,"minecraft:fly_one_cm":7842,"minecraft:open_barrel":1,"minecraft:open_chest":15,"minecraft:crouch_one_cm":184,"minecraft:play_time":41454,"minecraft:sneak_time":169,"minecraft:walk_under_water_one_cm":321,"minecraft:jump":152,"minecraft:walk_on_water_one_cm":1380,"minecraft:time_since_death":41454,"minecraft:sleep_in_bed":3,"minecraft:total_world_time":41454,"minecraft:fall_one_cm":1930},"minecraft:used":{"minecraft:golden_boots":1,"minecraft:iron_hoe":12,"minecraft:leather_leggings":1,"minecraft:acacia_stairs":2,"minecraft:armor_stand":1,"minecraft:bread":1,"minecraft:stone_pickaxe":17,"minecraft:map":1,"minecraft:leather_chestplate":1,"minecraft:cobblestone":11,"minecraft:yellow_bed":1,"minecraft:experience_bottle":1},"minecraft:dropped":{"minecraft:leather_leggings":1,"minecraft:chainmail_leggings":1}},"DataVersion":3465}