{"stats":{"minecraft:crafted":{"minecraft:cherry_planks":140,"biomeswevegone:jacaranda_planks":28,"minecraft:furnace":2,"minecraft:pink_dye":7,"quark:cherry_chest":6,"minecraft:glass":0,"minecraft:bow":1,"minecraft:iron_axe":1,"minecraft:coal_block":3,"minecraft:crafting_table":1,"travelersbackpack:backpack_tank":2,"minecraft:stick":20,"minecraft:torch":48},"minecraft:mined":{"biomeswevegone:white_anemone":1,"minecraft:dark_oak_planks":2,"minecraft:waxed_cut_copper_slab":1,"minecraft:cherry_log":64,"minecraft:cherry_sapling":2,"minecraft:grass_block":5,"vampirism:dark_spruce_log":13,"minecraft:jungle_log":6,"vampirism:vampire_orchid":3,"minecraft:coal_block":19,"minecraft:moss_block":1,"minecraft:rooted_dirt":1,"biomeswevegone:pine_log":67,"minecraft:spawner":4,"biomeswevegone:yellow_birch_leaves":11,"biomeswevegone:shelf_fungi":1,"minecraft:hay_block":53,"minecraft:black_stained_glass_pane":2,"vampiresdelight:vampire_orchid_crop":1,"minecraft:iron_ore":117,"biomeswevegone:white_mushroom_stem":1,"minecraft:acacia_stairs":2,"biomeswevegone:ironwood_log":90,"minecraft:stripped_dark_oak_wood":1,"minecraft:bookshelf":35,"minecraft:vine":1,"biomeswevegone:prairie_grass":16,"minecraft:iron_bars":5,"biomeswevegone:jacaranda_log":100,"minecraft:white_banner":1,"minecraft:stone":59,"minecraft:iron_block":1,"minecraft:white_wool":2,"biomeswevegone:green_mushroom":1,"minecraft:oak_slab":1,"biomeswevegone:aspen_leaves":4,"minecraft:flowering_azalea":3,"minecraft:glass_pane":2,"minecraft:red_bed":2,"biomeswevegone:mahogany_log":35,"minecraft:smoker":1,"travelersbackpack:standard":6,"minecraft:crafting_table":1,"biomeswevegone:aspen_log":26,"minecraft:torch":15,"minecraft:emerald_ore":7,"biomeswevegone:tall_prairie_grass":9,"minecraft:campfire":2,"minecraft:cobblestone":1,"minecraft:tall_grass":8,"vampirism:vampire_rack":1,"minecraft:cyan_bed":1,"minecraft:oak_planks":1,"minecraft:wall_torch":8,"minecraft:seagrass":3,"minecraft:pink_petals":3,"minecraft:spruce_stairs":5,"biomeswevegone:florus_stem":6,"minecraft:coarse_dirt":1,"travelersbackpack:pink_sleeping_bag":2,"minecraft:white_wall_banner":1,"minecraft:yellow_bed":4,"minecraft:grass":31,"minecraft:coal_ore":26,"minecraft:cocoa":2,"biomeswevegone:ripe_orchard_leaves":1,"minecraft:sand":80,"minecraft:loom":1,"minecraft:dirt":7,"minecraft:cobweb":136,"vampirism:blood_pedestal":1,"biomeswevegone:rainbow_eucalyptus_log":45,"minecraft:oak_leaves":4},"minecraft:killed":{"vampirism:vampire":17,"enderzoology:owl":1,"minecraft:vindicator":1,"minecraft:spider":2,"alexsmobs:murmur":1,"minecraft:skeleton":27,"enderzoology:infested_zombie":2,"minecraft:drowned":1,"enderzoology:fallen_knight":1,"minecraft:husk":7,"minecraft:pillager":3,"minecraft:zombie":20,"alexsmobs:fly":2,"minecraft:cow":5,"minecraft:enderman":1},"minecraft:picked_up":{"minecraft:cocoa_beans":4,"minecraft:charcoal":4,"minecraft:coarse_dirt":1,"vinery:red_grape":4,"minecraft:chicken":1,"vampirism:dark_spruce_log":13,"biomeswevegone:pine_log":32,"minecraft:diamond_sword":1,"minecraft:enchanted_book":2,"minecraft:string":137,"minecraft:red_bed":2,"minecraft:moss_carpet":1,"vampirism:blood_pedestal":1,"minecraft:armor_stand":1,"minecraft:iron_leggings":1,"minecraft:item_frame":6,"minecraft:iron_shovel":2,"minecraft:experience_bottle":5,"bosses_of_mass_destruction:soul_star":1,"minecraft:beef":11,"enderzoology:ender_fragment":2,"minecraft:jungle_sapling":3,"alexsmobs:elastic_tendon":1,"minecraft:coal_block":19,"biomeswevegone:jacaranda_boat":1,"minecraft:raw_iron":117,"minecraft:tipped_arrow":3,"minecraft:stick":29,"minecraft:torch":21,"minecraft:spruce_stairs":5,"minecraft:porkchop":3,"minecraft:cherry_log":64,"vampirism:vampire_fang":8,"minecraft:carrot":1,"minecraft:dark_oak_planks":2,"minecraft:stone_sword":1,"minecraft:arrow":13,"biomeswevegone:florus_stem":6,"minecraft:rotten_flesh":14,"minecraft:pumpkin_pie":2,"minecraft:hay_block":52,"minecraft:iron_block":1,"minecraft:stripped_dark_oak_wood":1,"minecraft:gold_ingot":4,"minecraft:mutton":2,"minecraft:iron_bars":5,"minecraft:cod":6,"minecraft:cobblestone":57,"minecraft:pink_petals":10,"minecraft:leather_chestplate":1,"minecraft:jungle_log":6,"minecraft:salmon":2,"biomeswevegone:araucaria_sapling":9,"minecraft:leather":12,"minecraft:smoker":1,"biomeswevegone:ironwood_log":73,"biomeswevegone:rainbow_eucalyptus_log":36,"biomeswevegone:shelf_fungi":2,"minecraft:yellow_bed":3,"minecraft:map":3,"minecraft:dirt":13,"minecraft:lantern":2,"minecraft:white_banner":2,"minecraft:bone":27,"biomeswevegone:mahogany_sapling":1,"minecraft:apple":5,"biomeswevegone:aspen_sapling":1,"minecraft:bow":2,"minecraft:wheat_seeds":7,"biomeswevegone:white_anemone":1,"minecraft:stone_pickaxe":1,"minecraft:iron_ingot":11,"biomeswevegone:jacaranda_log":61,"minecraft:rabbit":4,"minecraft:bamboo":11,"minecraft:moss_block":1,"minecraft:flowering_azalea":3,"minecraft:oak_planks":1,"minecraft:iron_sword":1,"biomeswevegone:rainbow_eucalyptus_sapling":6,"minecraft:book":95,"minecraft:oak_slab":2,"biomeswevegone:mahogany_log":29,"biomeswevegone:flower_patch":1,"biomeswevegone:ironwood_sapling":6,"minecraft:red_wool":1,"minecraft:quartz":1,"vinery:white_grape":3,"minecraft:sand":64,"minecraft:loom":1,"minecraft:cyan_bed":1,"minecraft:acacia_stairs":2,"alexsmobs:animal_dictionary":1,"travelersbackpack:standard":6,"minecraft:iron_hoe":1,"biomeswevegone:aspen_log":22,"vampirism:vampire_rack":1,"minecraft:firework_rocket":1,"biomeswevegone:jacaranda_sapling":9,"vampirism:blood_container":1,"minecraft:slime_ball":3,"minecraft:diamond":2,"waystones:waystone":1,"minecraft:chainmail_leggings":1,"minecraft:iron_helmet":1,"minecraft:cherry_sapling":29,"biomeswevegone:green_mushroom":2,"werewolves:cracked_bone":3,"minecraft:bread":47,"minecraft:emerald":13,"vampirism:vampire_orchid":3,"biomeswevegone:blueberries":8,"minecraft:coal":21,"minecraft:crafting_table":1,"minecraft:ender_pearl":3},"minecraft:custom":{"minecraft:mob_kills":92,"minecraft:interact_with_crafting_table":22,"minecraft:open_barrel":18,"minecraft:bell_ring":5,"minecraft:eat_cake_slice":3,"minecraft:damage_dealt_resisted":582,"minecraft:leave_game":2,"minecraft:time_since_death":118062,"minecraft:climb_one_cm":29908,"minecraft:damage_resisted":10,"minecraft:sprint_one_cm":780479,"minecraft:walk_one_cm":1370773,"vampirism:interact_with_coffin":1,"vampirism:interact_with_totem":2,"minecraft:drop":31,"minecraft:play_noteblock":16,"minecraft:talked_to_villager":68,"minecraft:play_time":438627,"minecraft:deaths":5,"minecraft:sneak_time":2681,"minecraft:walk_under_water_one_cm":28519,"minecraft:jump":3356,"minecraft:interact_with_blast_furnace":9,"minecraft:walk_on_water_one_cm":36827,"minecraft:total_world_time":438627,"minecraft:interact_with_furnace":67,"minecraft:tune_noteblock":6,"minecraft:interact_with_loom":1,"minecraft:interact_with_stonecutter":1,"minecraft:sleep_in_bed":23,"minecraft:time_since_rest":7420,"minecraft:waystone_activated":6,"minecraft:damage_taken":6109,"minecraft:damage_dealt":20255,"minecraft:swim_one_cm":55080,"minecraft:fly_one_cm":394121,"minecraft:open_chest":151,"minecraft:crouch_one_cm":6709,"minecraft:interact_with_smoker":10,"minecraft:fall_one_cm":88283,"minecraft:horse_one_cm":13514},"minecraft:used":{"minecraft:cherry_sapling":26,"minecraft:iron_shovel":83,"minecraft:armor_stand":1,"biomeswevegone:blueberries":2,"minecraft:iron_sword":200,"minecraft:torch":85,"minecraft:dirt":2,"quark:cherry_chest":4,"minecraft:spyglass":22,"minecraft:spruce_stairs":4,"minecraft:milk_bucket":2,"minecraft:iron_hoe":37,"minecraft:lantern":2,"minecraft:iron_axe":519,"minecraft:item_frame":1,"minecraft:bow":17,"minecraft:furnace":2,"minecraft:golden_boots":1,"farmersdelight:iron_knife":21,"minecraft:water_bucket":23,"minecraft:leather_leggings":1,"minecraft:stone_pickaxe":17,"minecraft:oak_planks":1,"minecraft:ender_pearl":2,"minecraft:leather_chestplate":1,"minecraft:cherry_planks":22,"biomeswevegone:white_anemone":1,"biomeswevegone:jacaranda_boat":1,"minecraft:crafting_table":3,"minecraft:red_bed":2,"relics:horse_flute":5,"waystones:waystone":1,"minecraft:diamond_pickaxe":235,"minecraft:acacia_stairs":2,"minecraft:apple":1,"minecraft:bread":76,"minecraft:map":4,"biomeswevegone:flower_patch":1,"minecraft:diamond_sword":383,"minecraft:cobblestone":15,"travelersbackpack:standard":12,"minecraft:white_banner":2,"minecraft:bucket":24,"minecraft:yellow_bed":3,"alexsmobs:animal_dictionary":47,"vampirism:vampire_orchid":2,"minecraft:experience_bottle":5},"minecraft:killed_by":{"minecraft:enderman":1,"alexsmobs:murmur_head":2,"minecraft:vindicator":1,"enderzoology:fallen_mount":1},"minecraft:broken":{"minecraft:iron_leggings":1,"minecraft:iron_axe":2,"minecraft:iron_sword":1,"minecraft:iron_helmet":1},"minecraft:dropped":{"minecraft:bread":45,"minecraft:wheat_seeds":6,"minecraft:book":1,"minecraft:spruce_stairs":1,"minecraft:item_frame":1,"minecraft:stick":12,"minecraft:dirt":3,"biomeswevegone:ironwood_log":9,"minecraft:stripped_dark_oak_wood":1,"minecraft:chainmail_leggings":1,"minecraft:dark_oak_planks":2,"minecraft:string":36,"minecraft:pink_petals":3,"minecraft:gold_ingot":2,"biomeswevegone:blueberries":8,"minecraft:stone_sword":1,"alexsmobs:animal_dictionary":1,"vampirism:vampire_orchid":1,"minecraft:rotten_flesh":3,"minecraft:diamond_sword":1,"minecraft:leather_leggings":1,"minecraft:beef":8,"minecraft:stone_pickaxe":1,"minecraft:cyan_bed":1}},"DataVersion":3465}