{"stats":{"minecraft:mined":{"minecraft:hay_block":31,"minecraft:glass_pane":2,"minecraft:smoker":1,"minecraft:acacia_stairs":2,"minecraft:yellow_bed":2,"minecraft:grass":1,"minecraft:tall_grass":1,"biomeswevegone:green_mushroom":1},"minecraft:picked_up":{"minecraft:tipped_arrow":3,"minecraft:leather_chestplate":1,"minecraft:salmon":2,"minecraft:smoker":1,"minecraft:yellow_bed":2,"minecraft:carrot":1,"minecraft:acacia_stairs":2,"minecraft:map":1,"minecraft:iron_leggings":1,"minecraft:armor_stand":1,"minecraft:iron_hoe":1,"minecraft:item_frame":3,"minecraft:iron_shovel":1,"minecraft:experience_bottle":1,"minecraft:slime_ball":3,"minecraft:apple":2,"minecraft:bow":1,"minecraft:chainmail_leggings":1,"minecraft:iron_helmet":1,"minecraft:hay_block":30,"minecraft:iron_ingot":6,"minecraft:stone_pickaxe":1,"biomeswevegone:green_mushroom":2,"minecraft:emerald":1,"minecraft:gold_ingot":1,"minecraft:bread":2,"minecraft:coal":1,"minecraft:iron_sword":1,"minecraft:cod":4},"minecraft:custom":{"minecraft:waystone_activated":1,"minecraft:time_since_rest":5166,"minecraft:interact_with_furnace":1,"minecraft:sprint_one_cm":65751,"minecraft:damage_taken":20,"minecraft:walk_one_cm":108991,"minecraft:drop":1,"vampirism:interact_with_totem":2,"minecraft:damage_dealt":0,"minecraft:talked_to_villager":13,"minecraft:fly_one_cm":6657,"minecraft:open_barrel":1,"minecraft:open_chest":12,"minecraft:play_time":29454,"minecraft:sneak_time":11,"minecraft:walk_under_water_one_cm":321,"minecraft:jump":90,"minecraft:walk_on_water_one_cm":1380,"minecraft:time_since_death":29454,"minecraft:sleep_in_bed":2,"minecraft:total_world_time":29454,"minecraft:fall_one_cm":1361},"minecraft:used":{"minecraft:golden_boots":1,"minecraft:iron_hoe":12,"minecraft:leather_leggings":1,"minecraft:acacia_stairs":2,"minecraft:armor_stand":1,"minecraft:stone_pickaxe":1,"minecraft:map":1,"minecraft:leather_chestplate":1,"minecraft:yellow_bed":1,"minecraft:experience_bottle":1},"minecraft:dropped":{"minecraft:leather_leggings":1}},"DataVersion":3465}