{"stats":{"minecraft:mined":{"minecraft:cherry_log":64,"minecraft:cherry_sapling":2,"minecraft:grass_block":4,"minecraft:coal_block":19,"minecraft:hay_block":53,"minecraft:acacia_stairs":2,"minecraft:bookshelf":34,"biomeswevegone:prairie_grass":15,"minecraft:iron_bars":5,"minecraft:stone":15,"minecraft:white_wool":2,"biomeswevegone:green_mushroom":1,"minecraft:oak_slab":1,"minecraft:glass_pane":2,"minecraft:red_bed":2,"minecraft:smoker":1,"minecraft:torch":12,"biomeswevegone:tall_prairie_grass":8,"minecraft:campfire":2,"minecraft:cobblestone":1,"minecraft:tall_grass":7,"minecraft:oak_planks":1,"minecraft:wall_torch":7,"minecraft:seagrass":3,"minecraft:pink_petals":3,"minecraft:spruce_stairs":5,"minecraft:coarse_dirt":1,"minecraft:yellow_bed":4,"minecraft:grass":12,"biomeswevegone:ripe_orchard_leaves":1,"minecraft:sand":80,"minecraft:loom":1,"minecraft:dirt":7,"minecraft:cobweb":102},"minecraft:crafted":{"minecraft:cherry_planks":140,"quark:cherry_chest":6,"minecraft:bow":1,"minecraft:coal_block":3,"minecraft:stick":20,"minecraft:torch":32},"minecraft:killed":{"vampirism:vampire":5,"minecraft:spider":1,"alexsmobs:murmur":1,"minecraft:skeleton":4,"enderzoology:infested_zombie":1,"minecraft:husk":2,"minecraft:zombie":7,"minecraft:enderman":1},"minecraft:picked_up":{"minecraft:charcoal":4,"minecraft:coarse_dirt":1,"vinery:red_grape":4,"minecraft:chicken":1,"minecraft:enchanted_book":2,"minecraft:string":103,"minecraft:red_bed":2,"minecraft:armor_stand":1,"minecraft:iron_leggings":1,"minecraft:item_frame":6,"minecraft:iron_shovel":1,"minecraft:experience_bottle":5,"minecraft:beef":2,"enderzoology:ender_fragment":1,"alexsmobs:elastic_tendon":1,"minecraft:coal_block":19,"minecraft:tipped_arrow":3,"minecraft:stick":15,"minecraft:torch":18,"minecraft:spruce_stairs":5,"minecraft:cherry_log":64,"vampirism:vampire_fang":3,"minecraft:carrot":1,"minecraft:stone_sword":1,"minecraft:arrow":3,"minecraft:rotten_flesh":6,"minecraft:pumpkin_pie":2,"minecraft:hay_block":52,"minecraft:gold_ingot":4,"minecraft:mutton":2,"minecraft:iron_bars":5,"minecraft:cod":6,"minecraft:cobblestone":15,"minecraft:pink_petals":10,"minecraft:leather_chestplate":1,"minecraft:salmon":2,"minecraft:leather":4,"minecraft:smoker":1,"minecraft:yellow_bed":3,"minecraft:map":3,"minecraft:dirt":12,"minecraft:lantern":2,"minecraft:bone":2,"minecraft:apple":5,"minecraft:bow":2,"minecraft:wheat_seeds":6,"minecraft:stone_pickaxe":1,"minecraft:iron_ingot":11,"minecraft:rabbit":4,"minecraft:oak_planks":1,"minecraft:iron_sword":1,"minecraft:book":92,"minecraft:oak_slab":2,"biomeswevegone:flower_patch":1,"minecraft:red_wool":1,"minecraft:quartz":1,"minecraft:sand":64,"minecraft:loom":1,"minecraft:acacia_stairs":2,"alexsmobs:animal_dictionary":1,"minecraft:iron_hoe":1,"minecraft:firework_rocket":1,"minecraft:slime_ball":3,"minecraft:diamond":2,"waystones:waystone":1,"minecraft:chainmail_leggings":1,"minecraft:iron_helmet":1,"minecraft:cherry_sapling":29,"biomeswevegone:green_mushroom":2,"minecraft:bread":47,"minecraft:emerald":4,"biomeswevegone:blueberries":8,"minecraft:coal":1,"minecraft:ender_pearl":3},"minecraft:custom":{"minecraft:mob_kills":22,"minecraft:interact_with_crafting_table":7,"minecraft:open_barrel":12,"minecraft:bell_ring":3,"minecraft:eat_cake_slice":3,"minecraft:damage_dealt_resisted":314,"minecraft:leave_game":2,"minecraft:time_since_death":142765,"minecraft:climb_one_cm":15154,"minecraft:sprint_one_cm":483085,"minecraft:walk_one_cm":904025,"vampirism:interact_with_totem":2,"minecraft:drop":17,"minecraft:play_noteblock":16,"minecraft:talked_to_villager":60,"minecraft:play_time":228627,"minecraft:deaths":3,"minecraft:sneak_time":1048,"minecraft:walk_under_water_one_cm":14220,"minecraft:jump":1646,"minecraft:interact_with_blast_furnace":2,"minecraft:walk_on_water_one_cm":20800,"minecraft:total_world_time":228627,"minecraft:interact_with_furnace":57,"minecraft:tune_noteblock":6,"minecraft:interact_with_loom":1,"minecraft:interact_with_stonecutter":1,"minecraft:sleep_in_bed":14,"minecraft:time_since_rest":10504,"minecraft:waystone_activated":6,"minecraft:damage_taken":2008,"minecraft:damage_dealt":5336,"minecraft:swim_one_cm":13167,"minecraft:fly_one_cm":180294,"minecraft:open_chest":110,"minecraft:crouch_one_cm":2570,"minecraft:interact_with_smoker":7,"minecraft:fall_one_cm":33963},"minecraft:used":{"minecraft:cherry_sapling":26,"minecraft:iron_shovel":83,"minecraft:armor_stand":1,"biomeswevegone:blueberries":2,"minecraft:iron_sword":200,"minecraft:torch":47,"minecraft:dirt":2,"quark:cherry_chest":4,"minecraft:spyglass":14,"minecraft:spruce_stairs":4,"minecraft:milk_bucket":1,"minecraft:iron_hoe":37,"minecraft:lantern":2,"minecraft:iron_axe":103,"minecraft:item_frame":1,"minecraft:golden_boots":1,"minecraft:water_bucket":5,"minecraft:leather_leggings":1,"minecraft:stone_pickaxe":17,"minecraft:oak_planks":1,"minecraft:ender_pearl":1,"minecraft:leather_chestplate":1,"minecraft:cherry_planks":2,"minecraft:crafting_table":1,"minecraft:red_bed":2,"waystones:waystone":1,"minecraft:diamond_pickaxe":25,"minecraft:acacia_stairs":2,"minecraft:bread":14,"minecraft:map":4,"biomeswevegone:flower_patch":1,"minecraft:diamond_sword":38,"minecraft:cobblestone":11,"minecraft:bucket":5,"minecraft:yellow_bed":3,"alexsmobs:animal_dictionary":32,"minecraft:experience_bottle":5},"minecraft:killed_by":{"minecraft:enderman":1,"alexsmobs:murmur_head":2},"minecraft:broken":{"minecraft:iron_sword":1},"minecraft:dropped":{"minecraft:bread":45,"minecraft:wheat_seeds":5,"minecraft:book":1,"minecraft:spruce_stairs":1,"minecraft:item_frame":1,"minecraft:stick":12,"minecraft:dirt":3,"minecraft:chainmail_leggings":1,"minecraft:string":2,"minecraft:pink_petals":3,"minecraft:stone_sword":1,"alexsmobs:animal_dictionary":1,"minecraft:rotten_flesh":1,"minecraft:leather_leggings":1,"minecraft:stone_pickaxe":1}},"DataVersion":3465}