{
  "naturescompass:natures_compass": {
    "criteria": {
      "has_recipe": "2024-10-27 20:27:11 +0000"
    },
    "done": true
  },
  "naturescompass:natures_compass_sapling": {
    "criteria": {
      "has_recipe": "2024-10-27 20:27:11 +0000"
    },
    "done": true
  },
  "vampiresdelight:main/root": {
    "criteria": {
      "seeds": "2024-10-27 20:27:11 +0000"
    },
    "done": true
  },
  "travelersbackpack:standard_from_custom": {
    "criteria": {
      "has_the_recipe": "2024-10-27 20:27:11 +0000"
    },
    "done": true
  },
  "explorerscompass:explorers_compass_cracked_stone_bricks": {
    "criteria": {
      "has_recipe": "2024-10-27 20:27:11 +0000"
    },
    "done": true
  },
  "biomeswevegone:biomeswevegone/root": {
    "criteria": {
      "tick": "2024-10-27 20:27:11 +0000"
    },
    "done": true
  },
  "dungeons_arise:wda_root": {
    "criteria": {
      "WDA": "2024-10-27 20:27:11 +0000"
    },
    "done": true
  },
  "explorerscompass:explorers_compass_cobweb": {
    "criteria": {
      "has_recipe": "2024-10-27 20:27:11 +0000"
    },
    "done": true
  },
  "herbalbrews:main/root": {
    "criteria": {
      "seeds": "2024-10-27 20:27:11 +0000"
    },
    "done": true
  },
  "farmersdelight:main/root": {
    "criteria": {
      "seeds": "2024-10-27 20:27:11 +0000"
    },
    "done": true
  },
  "naturescompass:natures_compass_log": {
    "criteria": {
      "has_recipe": "2024-10-27 20:27:11 +0000"
    },
    "done": true
  },
  "cataclysm:root": {
    "criteria": {
      "custom_test_name": "2024-10-27 20:27:11 +0000"
    },
    "done": true
  },
  "explorerscompass:explorers_compass": {
    "criteria": {
      "has_recipe": "2024-10-27 20:27:11 +0000"
    },
    "done": true
  },
  "vinery:main/root": {
    "criteria": {
      "seeds": "2024-10-27 20:27:11 +0000"
    },
    "done": true
  },
  "minecraft:adventure/adventuring_time": {
    "criteria": {
      "minecraft:snowy_slopes": "2024-10-28 20:03:15 +0000",
      "minecraft:eroded_badlands": "2024-11-02 20:15:36 +0000",
      "minecraft:cherry_grove": "2024-10-27 21:05:16 +0000",
      "minecraft:birch_forest": "2024-10-28 18:25:45 +0000",
      "minecraft:badlands": "2024-10-27 20:28:34 +0000",
      "minecraft:savanna_plateau": "2024-10-27 20:29:09 +0000",
      "minecraft:beach": "2024-11-04 20:08:37 +0000",
      "minecraft:stony_peaks": "2024-10-28 19:41:33 +0000",
      "minecraft:river": "2024-10-27 20:36:06 +0000",
      "minecraft:lukewarm_ocean": "2024-10-28 19:16:02 +0000",
      "minecraft:stony_shore": "2024-10-28 19:11:25 +0000",
      "minecraft:jagged_peaks": "2024-10-28 20:04:30 +0000",
      "minecraft:forest": "2024-10-27 21:19:00 +0000",
      "minecraft:lush_caves": "2024-11-04 20:16:06 +0000",
      "minecraft:desert": "2024-10-27 20:27:13 +0000",
      "minecraft:jungle": "2024-10-28 19:03:36 +0000",
      "minecraft:ocean": "2024-10-28 19:26:27 +0000",
      "minecraft:deep_lukewarm_ocean": "2024-10-28 19:25:42 +0000",
      "minecraft:old_growth_birch_forest": "2024-10-28 18:24:00 +0000",
      "minecraft:deep_dark": "2024-11-04 21:30:48 +0000",
      "minecraft:meadow": "2024-10-28 05:01:24 +0000",
      "minecraft:savanna": "2024-10-27 20:28:41 +0000",
      "minecraft:plains": "2024-10-27 21:14:34 +0000"
    },
    "done": false
  },
  "biomeswevegone:biomeswevegone/adventure/oh_the_biomes_weve_gone": {
    "criteria": {
      "biomeswevegone:redwood_thicket": "2024-10-27 20:29:37 +0000",
      "biomeswevegone:cika_woods": "2024-10-28 17:23:32 +0000",
      "biomeswevegone:araucaria_savanna": "2024-10-27 20:29:16 +0000",
      "biomeswevegone:windswept_desert": "2024-11-03 01:07:41 +0000",
      "biomeswevegone:crag_gardens": "2024-10-28 18:58:13 +0000",
      "biomeswevegone:rugged_badlands": "2024-11-02 20:34:22 +0000",
      "biomeswevegone:sakura_grove": "2024-10-28 17:56:27 +0000",
      "biomeswevegone:enchanted_tangle": "2024-11-02 19:04:33 +0000",
      "biomeswevegone:temperate_grove": "2024-10-28 20:00:28 +0000",
      "biomeswevegone:zelkova_forest": "2024-10-28 17:17:11 +0000",
      "biomeswevegone:forgotten_forest": "2024-10-28 19:54:07 +0000",
      "biomeswevegone:jacaranda_jungle": "2024-10-28 19:02:14 +0000",
      "biomeswevegone:red_rock_valley": "2024-10-28 19:33:54 +0000",
      "biomeswevegone:firecracker_chaparral": "2024-10-27 21:05:06 +0000",
      "biomeswevegone:coconino_meadow": "2024-10-28 04:50:55 +0000",
      "biomeswevegone:lush_stacks": "2024-10-28 19:15:03 +0000",
      "biomeswevegone:maple_taiga": "2024-10-28 16:39:47 +0000",
      "biomeswevegone:ironwood_gour": "2024-10-27 20:31:26 +0000",
      "biomeswevegone:orchard": "2024-10-28 04:05:30 +0000",
      "biomeswevegone:amaranth_grassland": "2024-10-27 20:29:43 +0000",
      "biomeswevegone:weeping_witch_forest": "2024-10-28 17:18:32 +0000",
      "biomeswevegone:prairie": "2024-10-27 21:14:22 +0000",
      "biomeswevegone:rose_fields": "2024-10-28 17:23:34 +0000",
      "biomeswevegone:ebony_woods": "2024-11-02 18:47:30 +0000",
      "biomeswevegone:aspen_boreal": "2024-10-28 17:19:46 +0000",
      "biomeswevegone:dacite_ridges": "2024-10-28 17:16:33 +0000",
      "biomeswevegone:howling_peaks": "2024-10-28 19:36:53 +0000",
      "biomeswevegone:allium_shrubland": "2024-10-27 21:20:07 +0000",
      "biomeswevegone:tropical_rainforest": "2024-10-28 19:02:04 +0000",
      "biomeswevegone:baobab_savanna": "2024-10-27 20:29:49 +0000",
      "biomeswevegone:rainbow_beach": "2024-10-28 19:54:50 +0000"
    },
    "done": false
  },
  "biomeswevegone:biomeswevegone/adventure/root": {
    "criteria": {
      "biomeswevegone:araucaria_savanna": "2024-10-27 20:29:16 +0000"
    },
    "done": true
  },
  "minecraft:husbandry/tame_an_animal": {
    "criteria": {
      "tamed_animal": "2024-10-27 20:31:45 +0000"
    },
    "done": true
  },
  "minecraft:husbandry/complete_catalogue": {
    "criteria": {
      "minecraft:tabby": "2024-10-27 20:31:45 +0000",
      "minecraft:black": "2024-10-27 20:39:21 +0000"
    },
    "done": false
  },
  "minecraft:story/smelt_iron": {
    "criteria": {
      "iron": "2024-10-27 20:33:30 +0000"
    },
    "done": true
  },
  "minecraft:adventure/sleep_in_bed": {
    "criteria": {
      "slept_in_bed": "2024-10-27 20:36:40 +0000"
    },
    "done": true
  },
  "farmersdelight:main/get_fd_seed": {
    "criteria": {
      "tomato_seeds": "2024-10-27 20:37:36 +0000"
    },
    "done": true
  },
  "minecraft:story/upgrade_tools": {
    "criteria": {
      "stone_pickaxe": "2024-10-27 20:40:47 +0000"
    },
    "done": true
  },
  "vinery:main/get_apple": {
    "criteria": {
      "apple": "2024-10-27 20:43:34 +0000"
    },
    "done": true
  },
  "biomeswevegone:biomeswevegone/husbandry/johnny_appleseed": {
    "criteria": {
      "apple": "2024-10-27 20:43:34 +0000"
    },
    "done": false
  },
  "farmersdelight:main/craft_knife": {
    "criteria": {
      "iron_knife": "2024-10-27 20:44:01 +0000"
    },
    "done": true
  },
  "minecraft:story/obtain_armor": {
    "criteria": {
      "iron_helmet": "2024-10-27 20:49:57 +0000"
    },
    "done": true
  },
  "minecraft:story/mine_diamond": {
    "criteria": {
      "diamond": "2024-10-27 20:52:10 +0000"
    },
    "done": true
  },
  "minecraft:story/mine_stone": {
    "criteria": {
      "get_stone": "2024-10-27 20:55:13 +0000"
    },
    "done": true
  },
  "biomeswevegone:biomeswevegone/husbandry/root": {
    "criteria": {
      "consumed_item": "2024-10-27 20:59:57 +0000"
    },
    "done": true
  },
  "minecraft:husbandry/balanced_diet": {
    "criteria": {
      "cooked_beef": "2024-11-02 19:44:36 +0000",
      "apple": "2024-10-28 18:55:51 +0000",
      "bread": "2024-10-27 20:59:57 +0000",
      "carrot": "2024-10-29 01:27:08 +0000"
    },
    "done": false
  },
  "minecraft:husbandry/root": {
    "criteria": {
      "consumed_item": "2024-10-27 20:59:57 +0000"
    },
    "done": true
  },
  "alexsmobs:alexsmobs/root": {
    "criteria": {
      "useitem": "2024-10-27 21:06:34 +0000"
    },
    "done": true
  },
  "minecraft:adventure/root": {
    "criteria": {
      "killed_something": "2024-10-27 21:08:19 +0000"
    },
    "done": true
  },
  "minecraft:adventure/kill_all_mobs": {
    "criteria": {
      "minecraft:pillager": "2024-10-28 19:32:36 +0000",
      "minecraft:skeleton": "2024-10-28 03:49:42 +0000",
      "minecraft:vindicator": "2024-10-28 19:33:12 +0000",
      "minecraft:spider": "2024-10-28 03:50:01 +0000",
      "minecraft:creeper": "2024-10-29 01:09:05 +0000",
      "minecraft:husk": "2024-10-28 03:49:53 +0000",
      "minecraft:cave_spider": "2024-11-04 21:30:57 +0000",
      "minecraft:enderman": "2024-10-27 21:25:01 +0000",
      "minecraft:zombie": "2024-10-27 21:08:19 +0000",
      "minecraft:drowned": "2024-10-28 19:23:14 +0000"
    },
    "done": false
  },
  "minecraft:adventure/kill_a_mob": {
    "criteria": {
      "minecraft:zombie": "2024-10-27 21:08:19 +0000"
    },
    "done": true
  },
  "minecraft:story/root": {
    "criteria": {
      "crafting_table": "2024-10-27 21:11:17 +0000"
    },
    "done": true
  },
  "vampirism:main/root": {
    "criteria": {
      "main": "2024-10-28 03:47:57 +0000"
    },
    "done": true
  },
  "immersive_paintings:misc/graffiti": {
    "criteria": {
      "has_item": "2024-10-28 03:52:16 +0000"
    },
    "done": true
  },
  "alexsmobs:alexsmobs/murmur": {
    "criteria": {
      "killed_by": "2024-10-28 03:52:55 +0000"
    },
    "done": true
  },
  "biomeswevegone:biomeswevegone/adventure/little_house_on_the_prairie": {
    "criteria": {
      "abondoned_prairie_house": "2024-10-28 03:55:55 +0000"
    },
    "done": false
  },
  "minecraft:nether/obtain_blaze_rod": {
    "criteria": {
      "blaze_rod": "2024-10-28 04:40:12 +0000"
    },
    "done": true
  },
  "vampiresdelight:main/get_garlic": {
    "criteria": {
      "garlic": "2024-10-28 04:40:58 +0000"
    },
    "done": true
  },
  "vampirism:main/ancient_knowledge": {
    "criteria": {
      "blood_container": "2024-10-28 04:42:34 +0000"
    },
    "done": true
  },
  "nova_structures:root": {
    "criteria": {
      "nova_structures:adventure/find_tavern": "2024-10-28 04:48:35 +0000"
    },
    "done": true
  },
  "nova_structures:adventure/find_tavern": {
    "criteria": {
      "nova_structures:tavern_oak": "2024-10-28 04:48:35 +0000"
    },
    "done": true
  },
  "nova_structures:adventure/tavern_quest": {
    "criteria": {
      "open_tavern_chest": "2024-10-28 04:50:00 +0000"
    },
    "done": true
  },
  "dungeons_arise:find_lighthouse": {
    "criteria": {
      "location0": "2024-10-28 04:52:52 +0000"
    },
    "done": true
  },
  "minecraft:story/iron_tools": {
    "criteria": {
      "iron_pickaxe": "2024-10-28 05:01:57 +0000"
    },
    "done": true
  },
  "alexsmobs:alexsmobs/bison_spyglass": {
    "criteria": {
      "spyglass_at_bison": "2024-10-28 05:14:36 +0000"
    },
    "done": true
  },
  "supplementaries:adventure/way_sign": {
    "criteria": {
      "bastion": "2024-10-28 16:39:00 +0000"
    },
    "done": true
  },
  "biomeswevegone:biomeswevegone/husbandry/berrily_alive": {
    "criteria": {
      "blue_berry": "2024-10-28 16:50:21 +0000"
    },
    "done": true
  },
  "minecraft:adventure/shoot_arrow": {
    "criteria": {
      "shot_arrow": "2024-10-28 17:20:39 +0000"
    },
    "done": true
  },
  "vampirism:main/vampire_forest": {
    "criteria": {
      "main": "2024-10-28 17:23:55 +0000"
    },
    "done": true
  },
  "vampiresdelight:main/get_vampire_orchid": {
    "criteria": {
      "vampire_orchid": "2024-10-28 17:26:04 +0000"
    },
    "done": true
  },
  "vampirism:vampire/extra_storage": {
    "criteria": {
      "blood_container": "2024-10-28 17:26:22 +0000"
    },
    "done": false
  },
  "dungeons_arise:find_bathhouse": {
    "criteria": {
      "location0": "2024-10-28 17:57:29 +0000"
    },
    "done": true
  },
  "nova_structures:adventure/find_all_illager_structures": {
    "criteria": {
      "illager_camp": "2024-10-28 18:27:02 +0000"
    },
    "done": false
  },
  "dungeons_arise:find_abandoned_temple": {
    "criteria": {
      "location0": "2024-10-28 18:57:32 +0000"
    },
    "done": true
  },
  "minecraft:story/form_obsidian": {
    "criteria": {
      "obsidian": "2024-10-28 18:58:34 +0000"
    },
    "done": true
  },
  "alexsmobs:alexsmobs/seagull_steal": {
    "criteria": {
      "ex": "2024-10-28 19:13:06 +0000"
    },
    "done": true
  },
  "dungeons_arise:find_undead_pirate_ship": {
    "criteria": {
      "location0": "2024-10-28 19:25:10 +0000"
    },
    "done": true
  },
  "dungeons_arise:find_mushroom_house": {
    "criteria": {
      "location0": "2024-10-29 01:27:19 +0000"
    },
    "done": true
  },
  "alexsmobs:alexsmobs/banana": {
    "criteria": {
      "banana": "2024-11-02 19:10:48 +0000"
    },
    "done": true
  },
  "alexsmobs:alexsmobs/tame_capuchin": {
    "criteria": {
      "tame": "2024-11-02 19:16:16 +0000"
    },
    "done": true
  },
  "alexsmobs:alexsmobs/kangaroo": {
    "criteria": {
      "interact": "2024-11-02 19:28:44 +0000"
    },
    "done": true
  },
  "dungeons_arise:find_bandit_towers": {
    "criteria": {
      "location0": "2024-11-02 19:35:11 +0000"
    },
    "done": true
  },
  "minecraft:story/deflect_arrow": {
    "criteria": {
      "deflected_projectile": "2024-11-02 19:42:28 +0000"
    },
    "done": true
  },
  "minecraft:story/shiny_gear": {
    "criteria": {
      "diamond_chestplate": "2024-11-02 20:03:34 +0000"
    },
    "done": true
  },
  "alexsmobs:alexsmobs/rattlesnake": {
    "criteria": {
      "interact": "2024-11-02 20:30:04 +0000"
    },
    "done": true
  },
  "alexsmobs:alexsmobs/tarantula_hawk": {
    "criteria": {
      "interact": "2024-11-02 20:37:47 +0000"
    },
    "done": true
  },
  "vampirism:hunter/betrayal": {
    "criteria": {
      "kill": "2024-11-02 20:44:50 +0000"
    },
    "done": false
  },
  "biomeswevegone:biomeswevegone/adventure/inside_quicksand": {
    "criteria": {
      "inside_quicksand": "2024-11-03 01:08:46 +0000"
    },
    "done": true
  },
  "minecraft:adventure/voluntary_exile": {
    "criteria": {
      "voluntary_exile": "2024-11-03 01:44:43 +0000"
    },
    "done": true
  },
  "minecraft:story/enchant_item": {
    "criteria": {
      "enchanted_item": "2024-11-04 21:55:31 +0000"
    },
    "done": true
  },
  "minecraft:husbandry/axolotl_in_a_bucket": {
    "criteria": {
      "axolotl_bucket": "2024-11-04 21:01:28 +0000"
    },
    "done": true
  },
  "quark:get_diamond_heart": {
    "criteria": {
      "get_diamond_heart": "2024-11-04 21:22:33 +0000"
    },
    "done": true
  },
  "DataVersion": 3465
}